Ticker,Year,artificial intelligence,AI,ESG
AAPL,2019,0,0,0
AAPL,2019,0,0,0
AAPL,2019,0,0,0
AAPL,2019,0,0,0
AAPL,2019,0,0,0
AAPL,2019,0,0,0
AAPL,2019,0,0,0
AAPL,2019,0,0,0
AAPL,2019,0,0,0
AAPL,2019,0,0,0
AAPL,2019,0,0,0
AAPL,2019,0,0,0
AAPL,2019,0,0,0
AAPL,2019,0,0,0
AAPL,2019,0,0,0
AAPL,2019,0,0,0
AAPL,2019,0,0,0
AAPL,2019,0,0,0
AAPL,2019,0,0,0
AAPL,2019,0,0,0
AAPL,2019,0,0,0
AAPL,2019,0,0,0
AAPL,2019,0,0,0
AAPL,2019,0,0,0
AAPL,2019,0,0,0
AAPL,2019,0,0,0
AAPL,2019,0,0,0
AAPL,2019,0,0,0
AAPL,2019,0,0,0
AAPL,2019,0,0,0
AAPL,2019,0,0,0
AAPL,2019,0,0,0
AAPL,2020,0,0,0
AAPL,2020,0,0,0
AAPL,2020,0,0,0
AAPL,2020,0,0,0
AAPL,2020,0,0,0
AAPL,2020,0,0,0
AAPL,2020,0,0,0
AAPL,2020,0,0,0
AAPL,2020,0,0,0
AAPL,2020,0,0,0
AAPL,2020,0,0,0
AAPL,2020,0,0,0
AAPL,2020,0,0,0
AAPL,2020,0,0,0
AAPL,2020,0,0,0
AAPL,2020,0,0,0
AAPL,2020,0,0,0
AAPL,2020,0,0,0
AAPL,2020,0,0,0
AAPL,2020,0,0,0
AAPL,2020,0,0,0
AAPL,2020,0,0,0
AAPL,2020,0,0,0
AAPL,2020,0,0,0
AAPL,2020,0,0,0
AAPL,2020,0,0,0
AAPL,2020,0,0,0
AAPL,2020,0,0,0
AAPL,2020,0,0,0
AAPL,2020,0,0,0
AAPL,2020,0,0,0
AAPL,2020,0,0,0
AAPL,2021,0,0,0
AAPL,2021,0,0,0
AAPL,2021,0,0,0
AAPL,2021,0,0,0
AAPL,2021,0,0,0
AAPL,2021,0,0,0
AAPL,2021,0,0,0
AAPL,2021,0,0,0
AAPL,2021,0,0,0
AAPL,2021,0,0,0
AAPL,2021,0,0,0
AAPL,2021,0,0,0
AAPL,2021,0,0,0
AAPL,2021,0,0,0
AAPL,2021,0,0,0
AAPL,2021,0,0,0
AAPL,2021,0,0,0
AAPL,2021,0,0,0
AAPL,2021,0,0,0
AAPL,2021,0,0,0
AAPL,2021,0,0,0
AAPL,2021,0,0,0
AAPL,2021,0,0,0
AAPL,2021,0,0,0
AAPL,2021,0,0,0
AAPL,2021,0,0,0
AAPL,2021,0,0,0
AAPL,2021,0,0,0
AAPL,2021,0,0,0
AAPL,2021,0,0,0
AAPL,2021,0,0,0
AAPL,2021,0,0,0
AAPL,2022,0,0,0
AAPL,2022,0,0,0
AAPL,2022,0,0,0
AAPL,2022,0,0,0
AAPL,2022,0,0,0
AAPL,2022,0,0,0
AAPL,2022,0,0,0
AAPL,2022,0,0,0
AAPL,2022,0,0,0
AAPL,2022,0,0,0
AAPL,2022,0,0,0
AAPL,2022,0,0,0
AAPL,2022,0,0,0
AAPL,2022,0,0,0
AAPL,2022,0,0,0
AAPL,2022,0,0,0
AAPL,2022,0,0,0
AAPL,2022,0,0,0
AAPL,2022,0,0,0
AAPL,2022,0,0,0
AAPL,2022,0,0,0
AAPL,2022,0,0,0
AAPL,2022,0,0,0
AAPL,2022,0,0,0
AAPL,2022,0,0,0
AAPL,2022,0,0,0
AAPL,2022,0,0,0
AAPL,2022,0,0,0
AAPL,2022,0,0,0
AAPL,2022,0,0,0
AAPL,2022,0,0,0
AAPL,2022,0,0,0
AAPL,2023,0,0,0
AAPL,2023,0,0,0
AAPL,2023,0,0,0
AAPL,2023,0,0,0
AAPL,2023,0,0,0
AAPL,2023,0,0,0
AAPL,2023,0,0,0
AAPL,2023,0,0,0
AAPL,2023,0,0,0
AAPL,2023,0,0,0
AAPL,2023,0,0,0
AAPL,2023,0,0,0
AAPL,2023,0,0,0
AAPL,2023,0,0,0
AAPL,2023,0,0,0
AAPL,2023,0,0,0
AAPL,2023,0,0,0
AAPL,2023,0,0,0
AAPL,2023,0,0,0
AAPL,2023,0,0,0
AAPL,2023,0,0,0
AAPL,2023,0,0,0
AAPL,2023,0,0,0
AAPL,2023,0,0,0
AAPL,2023,0,0,0
AAPL,2023,0,0,0
AAPL,2023,0,0,0
AAPL,2023,0,0,0
AAPL,2023,0,0,0
AAPL,2023,0,0,0
AAPL,2023,0,0,0
AAPL,2023,0,0,0
ACN,2019,0,0,0
ACN,2019,0,0,0
ACN,2019,0,0,0
ACN,2019,0,0,0
ACN,2019,0,0,0
ACN,2019,0,0,0
ACN,2019,0,0,0
ACN,2019,0,0,0
ACN,2019,0,0,0
ACN,2019,0,0,0
ACN,2019,0,0,0
ACN,2019,0,0,0
ACN,2019,0,0,0
ACN,2019,0,0,0
ACN,2019,0,0,0
ACN,2019,0,0,0
ACN,2020,0,0,0
ACN,2020,0,0,0
ACN,2020,0,0,0
ACN,2020,0,0,0
ACN,2020,0,0,0
ACN,2020,0,0,0
ACN,2020,0,0,0
ACN,2020,0,0,0
ACN,2020,0,0,0
ACN,2020,0,0,0
ACN,2020,0,0,0
ACN,2020,0,0,0
ACN,2020,0,0,0
ACN,2020,0,0,0
ACN,2020,0,0,0
ACN,2020,0,0,0
ACN,2021,0,0,0
ACN,2021,0,0,0
ACN,2021,0,0,0
ACN,2021,0,0,0
ACN,2021,0,0,0
ACN,2021,0,0,0
ACN,2021,0,0,0
ACN,2021,0,0,0
ACN,2021,0,0,0
ACN,2021,0,0,0
ACN,2021,0,0,0
ACN,2021,0,0,0
ACN,2021,0,0,0
ACN,2021,0,0,0
ACN,2021,0,0,0
ACN,2021,0,0,0
ACN,2022,0,0,0
ACN,2022,0,0,0
ACN,2022,0,0,0
ACN,2022,0,0,0
ACN,2022,0,0,0
ACN,2022,0,0,0
ACN,2022,0,0,0
ACN,2022,0,0,0
ACN,2022,0,0,0
ACN,2022,0,0,0
ACN,2022,0,0,0
ACN,2022,0,0,0
ACN,2022,0,0,0
ACN,2022,0,0,0
ACN,2022,0,0,0
ACN,2022,0,0,0
ACN,2023,0,0,0
ACN,2023,0,0,0
ACN,2023,0,0,0
ACN,2023,0,0,0
ACN,2023,0,0,0
ACN,2023,0,0,0
ACN,2023,0,0,0
ACN,2023,0,0,0
ACN,2023,0,0,0
ACN,2023,0,0,0
ACN,2023,0,0,0
ACN,2023,0,0,0
ACN,2023,0,0,0
ACN,2023,0,0,0
ACN,2023,0,0,0
ACN,2023,0,0,0
ADBE,2019,0,0,0
ADBE,2019,0,0,0
ADBE,2019,0,0,0
ADBE,2019,0,0,0
ADBE,2019,0,0,0
ADBE,2019,0,0,0
ADBE,2019,0,0,0
ADBE,2019,0,0,0
ADBE,2019,0,0,0
ADBE,2019,0,0,0
ADBE,2019,0,0,0
ADBE,2019,0,0,0
ADBE,2019,0,0,0
ADBE,2019,0,0,0
ADBE,2019,0,0,0
ADBE,2019,0,0,0
ADBE,2019,0,0,0
ADBE,2019,0,0,0
ADBE,2019,0,0,0
ADBE,2019,0,0,0
ADBE,2019,0,0,0
ADBE,2019,0,0,0
ADBE,2019,0,0,0
ADBE,2019,0,0,0
ADBE,2019,0,0,0
ADBE,2019,0,0,0
ADBE,2019,0,0,0
ADBE,2019,0,0,0
ADBE,2019,0,0,0
ADBE,2019,0,0,0
ADBE,2019,0,0,0
ADBE,2019,0,0,0
ADBE,2019,0,0,0
ADBE,2020,0,0,0
ADBE,2020,0,0,0
ADBE,2020,0,0,0
ADBE,2020,0,0,0
ADBE,2020,0,0,0
ADBE,2020,0,0,0
ADBE,2020,0,0,0
ADBE,2020,0,0,0
ADBE,2020,0,0,0
ADBE,2020,0,0,0
ADBE,2020,0,0,0
ADBE,2020,0,0,0
ADBE,2020,0,0,0
ADBE,2020,0,0,0
ADBE,2020,0,0,0
ADBE,2020,0,0,0
ADBE,2020,0,0,0
ADBE,2020,0,0,0
ADBE,2020,0,0,0
ADBE,2020,0,0,0
ADBE,2020,0,0,0
ADBE,2020,0,0,0
ADBE,2020,0,0,0
ADBE,2020,0,0,0
ADBE,2020,0,0,0
ADBE,2020,0,0,0
ADBE,2020,0,0,0
ADBE,2020,0,0,0
ADBE,2020,0,0,0
ADBE,2020,0,0,0
ADBE,2020,0,0,0
ADBE,2020,0,0,0
ADBE,2020,0,0,0
ADBE,2021,0,0,0
ADBE,2021,0,0,0
ADBE,2021,0,0,0
ADBE,2021,0,0,0
ADBE,2021,0,0,0
ADBE,2021,0,0,0
ADBE,2021,0,0,0
ADBE,2021,0,0,0
ADBE,2021,0,0,0
ADBE,2021,0,0,0
ADBE,2021,0,0,0
ADBE,2021,0,0,0
ADBE,2021,0,0,0
ADBE,2021,0,0,0
ADBE,2021,0,0,0
ADBE,2021,0,0,0
ADBE,2021,0,0,0
ADBE,2021,0,0,0
ADBE,2021,0,0,0
ADBE,2021,0,0,0
ADBE,2021,0,0,0
ADBE,2021,0,0,0
ADBE,2021,0,0,0
ADBE,2021,0,0,0
ADBE,2021,0,0,0
ADBE,2021,0,0,0
ADBE,2021,0,0,0
ADBE,2021,0,0,0
ADBE,2021,0,0,0
ADBE,2021,0,0,0
ADBE,2021,0,0,0
ADBE,2021,0,0,0
ADBE,2021,0,0,0
ADBE,2022,0,0,0
ADBE,2022,0,0,0
ADBE,2022,0,0,0
ADBE,2022,0,0,0
ADBE,2022,0,0,0
ADBE,2022,0,0,0
ADBE,2022,0,0,0
ADBE,2022,0,0,0
ADBE,2022,0,0,0
ADBE,2022,0,0,0
ADBE,2022,0,0,0
ADBE,2022,0,0,0
ADBE,2022,0,0,0
ADBE,2022,0,0,0
ADBE,2022,0,0,0
ADBE,2022,0,0,0
ADBE,2022,0,0,0
ADBE,2022,0,0,0
ADBE,2022,0,0,0
ADBE,2022,0,0,0
ADBE,2022,0,0,0
ADBE,2022,0,0,0
ADBE,2022,0,0,0
ADBE,2022,0,0,0
ADBE,2022,0,0,0
ADBE,2022,0,0,0
ADBE,2022,0,0,0
ADBE,2022,0,0,0
ADBE,2022,0,0,0
ADBE,2022,0,0,0
ADBE,2022,0,0,0
ADBE,2022,0,0,0
ADBE,2022,0,0,0
ADBE,2023,0,0,0
ADBE,2023,0,0,0
ADBE,2023,0,0,0
ADBE,2023,0,0,0
ADBE,2023,0,0,0
ADBE,2023,0,0,0
ADBE,2023,0,0,0
ADBE,2023,0,0,0
ADBE,2023,0,0,0
ADBE,2023,0,0,0
ADBE,2023,0,0,0
ADBE,2023,0,0,0
ADBE,2023,0,0,0
ADBE,2023,0,0,0
ADBE,2023,0,0,0
ADBE,2023,0,0,0
ADBE,2023,0,0,0
ADBE,2023,0,0,0
ADBE,2023,0,0,0
ADBE,2023,0,0,0
ADBE,2023,0,0,0
ADBE,2023,0,0,0
ADBE,2023,0,0,0
ADBE,2023,0,0,0
ADBE,2023,0,0,0
ADBE,2023,0,0,0
ADBE,2023,0,0,0
ADBE,2023,0,0,0
ADBE,2023,0,0,0
ADBE,2023,0,0,0
ADBE,2023,0,0,0
ADBE,2023,0,0,0
ADBE,2023,0,0,0
ADP,2019,0,0,0
ADP,2019,0,0,0
ADP,2019,0,0,0
ADP,2019,0,0,0
ADP,2019,0,0,0
ADP,2019,0,0,0
ADP,2019,0,0,0
ADP,2019,0,0,0
ADP,2019,0,0,0
ADP,2019,0,0,0
ADP,2019,0,0,0
ADP,2019,0,0,0
ADP,2019,0,0,0
ADP,2019,0,0,0
ADP,2019,0,0,0
ADP,2019,0,0,0
ADP,2019,0,0,0
ADP,2019,0,0,0
ADP,2019,0,0,0
ADP,2019,0,0,0
ADP,2019,0,0,0
ADP,2019,0,0,0
ADP,2019,0,0,0
ADP,2019,0,0,0
ADP,2019,0,0,0
ADP,2019,0,0,0
ADP,2019,0,0,0
ADP,2019,0,0,0
ADP,2019,0,0,0
ADP,2019,0,0,0
ADP,2020,0,0,0
ADP,2020,0,0,0
ADP,2020,0,0,0
ADP,2020,0,0,0
ADP,2020,0,0,0
ADP,2020,0,0,0
ADP,2020,0,0,0
ADP,2020,0,0,0
ADP,2020,0,0,0
ADP,2020,0,0,0
ADP,2020,0,0,0
ADP,2020,0,0,0
ADP,2020,0,0,0
ADP,2020,0,0,0
ADP,2020,0,0,0
ADP,2020,0,0,0
ADP,2020,0,0,0
ADP,2020,0,0,0
ADP,2020,0,0,0
ADP,2020,0,0,0
ADP,2020,0,0,0
ADP,2020,0,0,0
ADP,2020,0,0,0
ADP,2020,0,0,0
ADP,2020,0,0,0
ADP,2020,0,0,0
ADP,2020,0,0,0
ADP,2020,0,0,0
ADP,2020,0,0,0
ADP,2020,0,0,0
ADP,2021,0,0,0
ADP,2021,0,0,0
ADP,2021,0,0,0
ADP,2021,0,0,0
ADP,2021,0,0,0
ADP,2021,0,0,0
ADP,2021,0,0,0
ADP,2021,0,0,0
ADP,2021,0,0,0
ADP,2021,0,0,0
ADP,2021,0,0,0
ADP,2021,0,0,0
ADP,2021,0,0,0
ADP,2021,0,0,0
ADP,2021,0,0,0
ADP,2021,0,0,0
ADP,2021,0,0,0
ADP,2021,0,0,0
ADP,2021,0,0,0
ADP,2021,0,0,0
ADP,2021,0,0,0
ADP,2021,0,0,0
ADP,2021,0,0,0
ADP,2021,0,0,0
ADP,2021,0,0,0
ADP,2021,0,0,0
ADP,2021,0,0,0
ADP,2021,0,0,0
ADP,2021,0,0,0
ADP,2021,0,0,0
ADP,2022,0,0,0
ADP,2022,0,0,0
ADP,2022,0,0,0
ADP,2022,0,0,0
ADP,2022,0,0,0
ADP,2022,0,0,0
ADP,2022,0,0,0
ADP,2022,0,0,0
ADP,2022,0,0,0
ADP,2022,0,0,0
ADP,2022,0,0,0
ADP,2022,0,0,0
ADP,2022,0,0,0
ADP,2022,0,0,0
ADP,2022,0,0,0
ADP,2022,0,0,0
ADP,2022,0,0,0
ADP,2022,0,0,0
ADP,2022,0,0,0
ADP,2022,0,0,0
ADP,2022,0,0,0
ADP,2022,0,0,0
ADP,2022,0,0,0
ADP,2022,0,0,0
ADP,2022,0,0,0
ADP,2022,0,0,0
ADP,2022,0,0,0
ADP,2022,0,0,0
ADP,2022,0,0,0
ADP,2022,0,0,0
ADP,2023,0,0,0
ADP,2023,0,0,0
ADP,2023,0,0,0
ADP,2023,0,0,0
ADP,2023,0,0,0
ADP,2023,0,0,0
ADP,2023,0,0,0
ADP,2023,0,0,0
ADP,2023,0,0,0
ADP,2023,0,0,0
ADP,2023,0,0,0
ADP,2023,0,0,0
ADP,2023,0,0,0
ADP,2023,0,0,0
ADP,2023,0,0,0
ADP,2023,0,0,0
ADP,2023,0,0,0
ADP,2023,0,0,0
ADP,2023,0,0,0
ADP,2023,0,0,0
ADP,2023,0,0,0
ADP,2023,0,0,0
ADP,2023,0,0,0
ADP,2023,0,0,0
ADP,2023,0,0,0
ADP,2023,0,0,0
ADP,2023,0,0,0
ADP,2023,0,0,0
ADP,2023,0,0,0
ADP,2023,0,0,0
ADSK,2019,0,0,0
ADSK,2019,0,0,0
ADSK,2019,0,0,0
ADSK,2019,0,0,0
ADSK,2019,0,0,0
ADSK,2019,0,0,0
ADSK,2019,0,0,0
ADSK,2019,0,0,0
ADSK,2019,0,0,0
ADSK,2019,0,0,0
ADSK,2019,0,0,0
ADSK,2019,0,0,0
ADSK,2019,0,0,0
ADSK,2019,0,0,0
ADSK,2019,0,0,0
ADSK,2019,0,0,0
ADSK,2019,0,0,0
ADSK,2019,0,0,0
ADSK,2019,0,0,0
ADSK,2019,0,0,0
ADSK,2019,0,0,0
ADSK,2019,0,0,0
ADSK,2019,0,0,0
ADSK,2019,0,0,0
ADSK,2019,0,0,0
ADSK,2019,0,0,0
ADSK,2019,0,0,0
ADSK,2019,0,0,0
ADSK,2019,0,0,0
ADSK,2019,0,0,0
ADSK,2019,0,0,0
ADSK,2019,0,0,0
ADSK,2020,0,0,0
ADSK,2020,0,0,0
ADSK,2020,0,0,0
ADSK,2020,0,0,0
ADSK,2020,0,0,0
ADSK,2020,0,0,0
ADSK,2020,0,0,0
ADSK,2020,0,0,0
ADSK,2020,0,0,0
ADSK,2020,0,0,0
ADSK,2020,0,0,0
ADSK,2020,0,0,0
ADSK,2020,0,0,0
ADSK,2020,0,0,0
ADSK,2020,0,0,0
ADSK,2020,0,0,0
ADSK,2020,0,0,0
ADSK,2020,0,0,0
ADSK,2020,0,0,0
ADSK,2020,0,0,0
ADSK,2020,0,0,0
ADSK,2020,0,0,0
ADSK,2020,0,0,0
ADSK,2020,0,0,0
ADSK,2020,0,0,0
ADSK,2020,0,0,0
ADSK,2020,0,0,0
ADSK,2020,0,0,0
ADSK,2020,0,0,0
ADSK,2020,0,0,0
ADSK,2020,0,0,0
ADSK,2020,0,0,0
ADSK,2021,0,0,0
ADSK,2021,0,0,0
ADSK,2021,0,0,0
ADSK,2021,0,0,0
ADSK,2021,0,0,0
ADSK,2021,0,0,0
ADSK,2021,0,0,0
ADSK,2021,0,0,0
ADSK,2021,0,0,0
ADSK,2021,0,0,0
ADSK,2021,0,0,0
ADSK,2021,0,0,0
ADSK,2021,0,0,0
ADSK,2021,0,0,0
ADSK,2021,0,0,0
ADSK,2021,0,0,0
ADSK,2021,0,0,0
ADSK,2021,0,0,0
ADSK,2021,0,0,0
ADSK,2021,0,0,0
ADSK,2021,0,0,0
ADSK,2021,0,0,0
ADSK,2021,0,0,0
ADSK,2021,0,0,0
ADSK,2021,0,0,0
ADSK,2021,0,0,0
ADSK,2021,0,0,0
ADSK,2021,0,0,0
ADSK,2021,0,0,0
ADSK,2021,0,0,0
ADSK,2021,0,0,0
ADSK,2021,0,0,0
ADSK,2022,0,0,0
ADSK,2022,0,0,0
ADSK,2022,0,0,0
ADSK,2022,0,0,0
ADSK,2022,0,0,0
ADSK,2022,0,0,0
ADSK,2022,0,0,0
ADSK,2022,0,0,0
ADSK,2022,0,0,0
ADSK,2022,0,0,0
ADSK,2022,0,0,0
ADSK,2022,0,0,0
ADSK,2022,0,0,0
ADSK,2022,0,0,0
ADSK,2022,0,0,0
ADSK,2022,0,0,0
ADSK,2022,0,0,0
ADSK,2022,0,0,0
ADSK,2022,0,0,0
ADSK,2022,0,0,0
ADSK,2022,0,0,0
ADSK,2022,0,0,0
ADSK,2022,0,0,0
ADSK,2022,0,0,0
ADSK,2022,0,0,0
ADSK,2022,0,0,0
ADSK,2022,0,0,0
ADSK,2022,0,0,0
ADSK,2022,0,0,0
ADSK,2022,0,0,0
ADSK,2022,0,0,0
ADSK,2022,0,0,0
ADSK,2023,0,0,0
ADSK,2023,0,0,0
ADSK,2023,0,0,0
ADSK,2023,0,0,0
ADSK,2023,0,0,0
ADSK,2023,0,0,0
ADSK,2023,0,0,0
ADSK,2023,0,0,0
ADSK,2023,0,0,0
ADSK,2023,0,0,0
ADSK,2023,0,0,0
ADSK,2023,0,0,0
ADSK,2023,0,0,0
ADSK,2023,0,0,0
ADSK,2023,0,0,0
ADSK,2023,0,0,0
ADSK,2023,0,0,0
ADSK,2023,0,0,0
ADSK,2023,0,0,0
ADSK,2023,0,0,0
ADSK,2023,0,0,0
ADSK,2023,0,0,0
ADSK,2023,0,0,0
ADSK,2023,0,0,0
ADSK,2023,0,0,0
ADSK,2023,0,0,0
ADSK,2023,0,0,0
ADSK,2023,0,0,0
ADSK,2023,0,0,0
ADSK,2023,0,0,0
ADSK,2023,0,0,0
ADSK,2023,0,0,0
AMGN,2019,0,0,0
AMGN,2019,0,0,0
AMGN,2019,0,0,0
AMGN,2019,0,0,0
AMGN,2019,0,0,0
AMGN,2019,0,0,0
AMGN,2019,0,0,0
AMGN,2019,0,0,0
AMGN,2019,0,0,0
AMGN,2019,0,0,0
AMGN,2019,0,0,0
AMGN,2019,0,0,0
AMGN,2019,0,0,0
AMGN,2019,0,0,0
AMGN,2019,0,0,0
AMGN,2019,0,0,0
AMGN,2019,0,0,0
AMGN,2019,0,0,0
AMGN,2019,0,0,0
AMGN,2019,0,0,0
AMGN,2019,0,0,0
AMGN,2019,0,0,0
AMGN,2019,0,0,0
AMGN,2019,0,0,0
AMGN,2019,0,0,0
AMGN,2019,0,0,0
AMGN,2019,0,0,0
AMGN,2019,0,0,0
AMGN,2019,0,0,0
AMGN,2019,0,0,0
AMGN,2019,0,0,0
AMGN,2019,0,0,0
AMGN,2019,0,0,0
AMGN,2020,0,0,0
AMGN,2020,0,0,0
AMGN,2020,0,0,0
AMGN,2020,0,0,0
AMGN,2020,0,0,0
AMGN,2020,0,0,0
AMGN,2020,0,0,0
AMGN,2020,0,0,0
AMGN,2020,0,0,0
AMGN,2020,0,0,0
AMGN,2020,0,0,0
AMGN,2020,0,0,0
AMGN,2020,0,0,0
AMGN,2020,0,0,0
AMGN,2020,0,0,0
AMGN,2020,0,0,0
AMGN,2020,0,0,0
AMGN,2020,0,0,0
AMGN,2020,0,0,0
AMGN,2020,0,0,0
AMGN,2020,0,0,0
AMGN,2020,0,0,0
AMGN,2020,0,0,0
AMGN,2020,0,0,0
AMGN,2020,0,0,0
AMGN,2020,0,0,0
AMGN,2020,0,0,0
AMGN,2020,0,0,0
AMGN,2020,0,0,0
AMGN,2020,0,0,0
AMGN,2020,0,0,0
AMGN,2020,0,0,0
AMGN,2020,0,0,0
AMGN,2021,0,0,0
AMGN,2021,0,0,0
AMGN,2021,0,0,0
AMGN,2021,0,0,0
AMGN,2021,0,0,0
AMGN,2021,0,0,0
AMGN,2021,0,0,0
AMGN,2021,0,0,0
AMGN,2021,0,0,0
AMGN,2021,0,0,0
AMGN,2021,0,0,0
AMGN,2021,0,0,0
AMGN,2021,0,0,0
AMGN,2021,0,0,0
AMGN,2021,0,0,0
AMGN,2021,0,0,0
AMGN,2021,0,0,0
AMGN,2021,0,0,0
AMGN,2021,0,0,0
AMGN,2021,0,0,0
AMGN,2021,0,0,0
AMGN,2021,0,0,0
AMGN,2021,0,0,0
AMGN,2021,0,0,0
AMGN,2021,0,0,0
AMGN,2021,0,0,0
AMGN,2021,0,0,0
AMGN,2021,0,0,0
AMGN,2021,0,0,0
AMGN,2021,0,0,0
AMGN,2021,0,0,0
AMGN,2021,0,0,0
AMGN,2021,0,0,0
AMGN,2022,0,0,0
AMGN,2022,0,0,0
AMGN,2022,0,0,0
AMGN,2022,0,0,0
AMGN,2022,0,0,0
AMGN,2022,0,0,0
AMGN,2022,0,0,0
AMGN,2022,0,0,0
AMGN,2022,0,0,0
AMGN,2022,0,0,0
AMGN,2022,0,0,0
AMGN,2022,0,0,0
AMGN,2022,0,0,0
AMGN,2022,0,0,0
AMGN,2022,0,0,0
AMGN,2022,0,0,0
AMGN,2022,0,0,0
AMGN,2022,0,0,0
AMGN,2022,0,0,0
AMGN,2022,0,0,0
AMGN,2022,0,0,0
AMGN,2022,0,0,0
AMGN,2022,0,0,0
AMGN,2022,0,0,0
AMGN,2022,0,0,0
AMGN,2022,0,0,0
AMGN,2022,0,0,0
AMGN,2022,0,0,0
AMGN,2022,0,0,0
AMGN,2022,0,0,0
AMGN,2022,0,0,0
AMGN,2022,0,0,0
AMGN,2022,0,0,0
AMGN,2023,0,0,0
AMGN,2023,0,0,0
AMGN,2023,0,0,0
AMGN,2023,0,0,0
AMGN,2023,0,0,0
AMGN,2023,0,0,0
AMGN,2023,0,0,0
AMGN,2023,0,0,0
AMGN,2023,0,0,0
AMGN,2023,0,0,0
AMGN,2023,0,0,0
AMGN,2023,0,0,0
AMGN,2023,0,0,0
AMGN,2023,0,0,0
AMGN,2023,0,0,0
AMGN,2023,0,0,0
AMGN,2023,0,0,0
AMGN,2023,0,0,0
AMGN,2023,0,0,0
AMGN,2023,0,0,0
AMGN,2023,0,0,0
AMGN,2023,0,0,0
AMGN,2023,0,0,0
AMGN,2023,0,0,0
AMGN,2023,0,0,0
AMGN,2023,0,0,0
AMGN,2023,0,0,0
AMGN,2023,0,0,0
AMGN,2023,0,0,0
AMGN,2023,0,0,0
AMGN,2023,0,0,0
AMGN,2023,0,0,0
AMGN,2023,0,0,0
AMZN,2019,0,0,0
AMZN,2019,0,0,0
AMZN,2019,0,0,0
AMZN,2019,0,0,0
AMZN,2019,0,0,0
AMZN,2019,0,0,0
AMZN,2019,0,0,0
AMZN,2019,0,0,0
AMZN,2019,0,0,0
AMZN,2019,0,0,0
AMZN,2019,0,0,0
AMZN,2019,0,0,0
AMZN,2019,0,0,0
AMZN,2019,0,0,0
AMZN,2019,0,0,0
AMZN,2019,0,0,0
AMZN,2019,0,0,0
AMZN,2019,0,0,0
AMZN,2019,0,0,0
AMZN,2019,0,0,0
AMZN,2019,0,0,0
AMZN,2019,0,0,0
AMZN,2019,0,0,0
AMZN,2019,0,0,0
AMZN,2019,0,0,0
AMZN,2019,0,0,0
AMZN,2019,0,0,0
AMZN,2019,0,0,0
AMZN,2019,0,0,0
AMZN,2020,0,0,0
AMZN,2020,0,0,0
AMZN,2020,0,0,0
AMZN,2020,0,0,0
AMZN,2020,0,0,0
AMZN,2020,0,0,0
AMZN,2020,0,0,0
AMZN,2020,0,0,0
AMZN,2020,0,0,0
AMZN,2020,0,0,0
AMZN,2020,0,0,0
AMZN,2020,0,0,0
AMZN,2020,0,0,0
AMZN,2020,0,0,0
AMZN,2020,0,0,0
AMZN,2020,0,0,0
AMZN,2020,0,0,0
AMZN,2020,0,0,0
AMZN,2020,0,0,0
AMZN,2020,0,0,0
AMZN,2020,0,0,0
AMZN,2020,0,0,0
AMZN,2020,0,0,0
AMZN,2020,0,0,0
AMZN,2020,0,0,0
AMZN,2020,0,0,0
AMZN,2020,0,0,0
AMZN,2020,0,0,0
AMZN,2020,0,0,0
AMZN,2021,0,0,0
AMZN,2021,0,0,0
AMZN,2021,0,0,0
AMZN,2021,0,0,0
AMZN,2021,0,0,0
AMZN,2021,0,0,0
AMZN,2021,0,0,0
AMZN,2021,0,0,0
AMZN,2021,0,0,0
AMZN,2021,0,0,0
AMZN,2021,0,0,0
AMZN,2021,0,0,0
AMZN,2021,0,0,0
AMZN,2021,0,0,0
AMZN,2021,0,0,0
AMZN,2021,0,0,0
AMZN,2021,0,0,0
AMZN,2021,0,0,0
AMZN,2021,0,0,0
AMZN,2021,0,0,0
AMZN,2021,0,0,0
AMZN,2021,0,0,0
AMZN,2021,0,0,0
AMZN,2021,0,0,0
AMZN,2021,0,0,0
AMZN,2021,0,0,0
AMZN,2021,0,0,0
AMZN,2021,0,0,0
AMZN,2021,0,0,0
AMZN,2022,0,0,0
AMZN,2022,0,0,0
AMZN,2022,0,0,0
AMZN,2022,0,0,0
AMZN,2022,0,0,0
AMZN,2022,0,0,0
AMZN,2022,0,0,0
AMZN,2022,0,0,0
AMZN,2022,0,0,0
AMZN,2022,0,0,0
AMZN,2022,0,0,0
AMZN,2022,0,0,0
AMZN,2022,0,0,0
AMZN,2022,0,0,0
AMZN,2022,0,0,0
AMZN,2022,0,0,0
AMZN,2022,0,0,0
AMZN,2022,0,0,0
AMZN,2022,0,0,0
AMZN,2022,0,0,0
AMZN,2022,0,0,0
AMZN,2022,0,0,0
AMZN,2022,0,0,0
AMZN,2022,0,0,0
AMZN,2022,0,0,0
AMZN,2022,0,0,0
AMZN,2022,0,0,0
AMZN,2022,0,0,0
AMZN,2022,0,0,0
AMZN,2023,0,0,0
AMZN,2023,0,0,0
AMZN,2023,0,0,0
AMZN,2023,0,0,0
AMZN,2023,0,0,0
AMZN,2023,0,0,0
AMZN,2023,0,0,0
AMZN,2023,0,0,0
AMZN,2023,0,0,0
AMZN,2023,0,0,0
AMZN,2023,0,0,0
AMZN,2023,0,0,0
AMZN,2023,0,0,0
AMZN,2023,0,0,0
AMZN,2023,0,0,0
AMZN,2023,0,0,0
AMZN,2023,0,0,0
AMZN,2023,0,0,0
AMZN,2023,0,0,0
AMZN,2023,0,0,0
AMZN,2023,0,0,0
AMZN,2023,0,0,0
AMZN,2023,0,0,0
AMZN,2023,0,0,0
AMZN,2023,0,0,0
AMZN,2023,0,0,0
AMZN,2023,0,0,0
AMZN,2023,0,0,0
AMZN,2023,0,0,0
AVGO,2019,0,0,0
AVGO,2019,0,0,0
AVGO,2019,0,0,0
AVGO,2019,0,0,0
AVGO,2019,0,0,0
AVGO,2019,0,0,0
AVGO,2020,0,0,0
AVGO,2020,0,0,0
AVGO,2020,0,0,0
AVGO,2020,0,0,0
AVGO,2020,0,0,0
AVGO,2020,0,0,0
AVGO,2021,0,0,0
AVGO,2021,0,0,0
AVGO,2021,0,0,0
AVGO,2021,0,0,0
AVGO,2021,0,0,0
AVGO,2021,0,0,0
AVGO,2022,0,0,0
AVGO,2022,0,0,0
AVGO,2022,0,0,0
AVGO,2022,0,0,0
AVGO,2022,0,0,0
AVGO,2022,0,0,0
AVGO,2023,0,0,0
AVGO,2023,0,0,0
AVGO,2023,0,0,0
AVGO,2023,0,0,0
AVGO,2023,0,0,0
AVGO,2023,0,0,0
AXP,2019,0,0,0
AXP,2019,0,0,0
AXP,2019,0,0,0
AXP,2019,0,0,0
AXP,2019,0,0,0
AXP,2019,0,0,0
AXP,2019,0,0,0
AXP,2019,0,0,0
AXP,2019,0,0,0
AXP,2019,0,0,0
AXP,2019,0,0,0
AXP,2019,0,0,0
AXP,2019,0,0,0
AXP,2019,0,0,0
AXP,2019,0,0,0
AXP,2019,0,0,0
AXP,2019,0,0,0
AXP,2019,0,0,0
AXP,2019,0,0,0
AXP,2019,0,0,0
AXP,2019,0,0,0
AXP,2019,0,0,0
AXP,2019,0,0,0
AXP,2019,0,0,0
AXP,2019,0,0,0
AXP,2019,0,0,0
AXP,2019,0,0,0
AXP,2019,0,0,0
AXP,2019,0,0,0
AXP,2019,0,0,0
AXP,2019,0,0,0
AXP,2019,0,0,0
AXP,2019,0,0,0
AXP,2019,0,0,0
AXP,2019,0,0,0
AXP,2020,0,0,0
AXP,2020,0,0,0
AXP,2020,0,0,0
AXP,2020,0,0,0
AXP,2020,0,0,0
AXP,2020,0,0,0
AXP,2020,0,0,0
AXP,2020,0,0,0
AXP,2020,0,0,0
AXP,2020,0,0,0
AXP,2020,0,0,0
AXP,2020,0,0,0
AXP,2020,0,0,0
AXP,2020,0,0,0
AXP,2020,0,0,0
AXP,2020,0,0,0
AXP,2020,0,0,0
AXP,2020,0,0,0
AXP,2020,0,0,0
AXP,2020,0,0,0
AXP,2020,0,0,0
AXP,2020,0,0,0
AXP,2020,0,0,0
AXP,2020,0,0,0
AXP,2020,0,0,0
AXP,2020,0,0,0
AXP,2020,0,0,0
AXP,2020,0,0,0
AXP,2020,0,0,0
AXP,2020,0,0,0
AXP,2020,0,0,0
AXP,2020,0,0,0
AXP,2020,0,0,0
AXP,2020,0,0,0
AXP,2020,0,0,0
AXP,2021,0,0,0
AXP,2021,0,0,0
AXP,2021,0,0,0
AXP,2021,0,0,0
AXP,2021,0,0,0
AXP,2021,0,0,0
AXP,2021,0,0,0
AXP,2021,0,0,0
AXP,2021,0,0,0
AXP,2021,0,0,0
AXP,2021,0,0,0
AXP,2021,0,0,0
AXP,2021,0,0,0
AXP,2021,0,0,0
AXP,2021,0,0,0
AXP,2021,0,0,0
AXP,2021,0,0,0
AXP,2021,0,0,0
AXP,2021,0,0,0
AXP,2021,0,0,0
AXP,2021,0,0,0
AXP,2021,0,0,0
AXP,2021,0,0,0
AXP,2021,0,0,0
AXP,2021,0,0,0
AXP,2021,0,0,0
AXP,2021,0,0,0
AXP,2021,0,0,0
AXP,2021,0,0,0
AXP,2021,0,0,0
AXP,2021,0,0,0
AXP,2021,0,0,0
AXP,2021,0,0,0
AXP,2021,0,0,0
AXP,2021,0,0,0
AXP,2022,0,0,0
AXP,2022,0,0,0
AXP,2022,0,0,0
AXP,2022,0,0,0
AXP,2022,0,0,0
AXP,2022,0,0,0
AXP,2022,0,0,0
AXP,2022,0,0,0
AXP,2022,0,0,0
AXP,2022,0,0,0
AXP,2022,0,0,0
AXP,2022,0,0,0
AXP,2022,0,0,0
AXP,2022,0,0,0
AXP,2022,0,0,0
AXP,2022,0,0,0
AXP,2022,0,0,0
AXP,2022,0,0,0
AXP,2022,0,0,0
AXP,2022,0,0,0
AXP,2022,0,0,0
AXP,2022,0,0,0
AXP,2022,0,0,0
AXP,2022,0,0,0
AXP,2022,0,0,0
AXP,2022,0,0,0
AXP,2022,0,0,0
AXP,2022,0,0,0
AXP,2022,0,0,0
AXP,2022,0,0,0
AXP,2022,0,0,0
AXP,2022,0,0,0
AXP,2022,0,0,0
AXP,2022,0,0,0
AXP,2022,0,0,0
AXP,2023,0,0,0
AXP,2023,0,0,0
AXP,2023,0,0,0
AXP,2023,0,0,0
AXP,2023,0,0,0
AXP,2023,0,0,0
AXP,2023,0,0,0
AXP,2023,0,0,0
AXP,2023,0,0,0
AXP,2023,0,0,0
AXP,2023,0,0,0
AXP,2023,0,0,0
AXP,2023,0,0,0
AXP,2023,0,0,0
AXP,2023,0,0,0
AXP,2023,0,0,0
AXP,2023,0,0,0
AXP,2023,0,0,0
AXP,2023,0,0,0
AXP,2023,0,0,0
AXP,2023,0,0,0
AXP,2023,0,0,0
AXP,2023,0,0,0
AXP,2023,0,0,0
AXP,2023,0,0,0
AXP,2023,0,0,0
AXP,2023,0,0,0
AXP,2023,0,0,0
AXP,2023,0,0,0
AXP,2023,0,0,0
AXP,2023,0,0,0
AXP,2023,0,0,0
AXP,2023,0,0,0
AXP,2023,0,0,0
AXP,2023,0,0,0
BA,2019,0,0,0
BA,2019,0,0,0
BA,2019,0,0,0
BA,2019,0,0,0
BA,2019,0,0,0
BA,2019,0,0,0
BA,2019,0,0,0
BA,2019,0,0,0
BA,2019,0,0,0
BA,2019,0,0,0
BA,2019,0,0,0
BA,2019,0,0,0
BA,2019,0,0,0
BA,2019,0,0,0
BA,2019,0,0,0
BA,2019,0,0,0
BA,2019,0,0,0
BA,2019,0,0,0
BA,2019,0,0,0
BA,2019,0,0,0
BA,2019,0,0,0
BA,2019,0,0,0
BA,2019,0,0,0
BA,2019,0,0,0
BA,2019,0,0,0
BA,2019,0,0,0
BA,2019,0,0,0
BA,2019,0,0,0
BA,2019,0,0,0
BA,2019,0,0,0
BA,2019,0,0,0
BA,2019,0,0,0
BA,2019,0,0,0
BA,2020,0,0,0
BA,2020,0,0,0
BA,2020,0,0,0
BA,2020,0,0,0
BA,2020,0,0,0
BA,2020,0,0,0
BA,2020,0,0,0
BA,2020,0,0,0
BA,2020,0,0,0
BA,2020,0,0,0
BA,2020,0,0,0
BA,2020,0,0,0
BA,2020,0,0,0
BA,2020,0,0,0
BA,2020,0,0,0
BA,2020,0,0,0
BA,2020,0,0,0
BA,2020,0,0,0
BA,2020,0,0,0
BA,2020,0,0,0
BA,2020,0,0,0
BA,2020,0,0,0
BA,2020,0,0,0
BA,2020,0,0,0
BA,2020,0,0,0
BA,2020,0,0,0
BA,2020,0,0,0
BA,2020,0,0,0
BA,2020,0,0,0
BA,2020,0,0,0
BA,2020,0,0,0
BA,2020,0,0,0
BA,2020,0,0,0
BA,2021,0,0,0
BA,2021,0,0,0
BA,2021,0,0,0
BA,2021,0,0,0
BA,2021,0,0,0
BA,2021,0,0,0
BA,2021,0,0,0
BA,2021,0,0,0
BA,2021,0,0,0
BA,2021,0,0,0
BA,2021,0,0,0
BA,2021,0,0,0
BA,2021,0,0,0
BA,2021,0,0,0
BA,2021,0,0,0
BA,2021,0,0,0
BA,2021,0,0,0
BA,2021,0,0,0
BA,2021,0,0,0
BA,2021,0,0,0
BA,2021,0,0,0
BA,2021,0,0,0
BA,2021,0,0,0
BA,2021,0,0,0
BA,2021,0,0,0
BA,2021,0,0,0
BA,2021,0,0,0
BA,2021,0,0,0
BA,2021,0,0,0
BA,2021,0,0,0
BA,2021,0,0,0
BA,2021,0,0,0
BA,2021,0,0,0
BA,2022,0,0,0
BA,2022,0,0,0
BA,2022,0,0,0
BA,2022,0,0,0
BA,2022,0,0,0
BA,2022,0,0,0
BA,2022,0,0,0
BA,2022,0,0,0
BA,2022,0,0,0
BA,2022,0,0,0
BA,2022,0,0,0
BA,2022,0,0,0
BA,2022,0,0,0
BA,2022,0,0,0
BA,2022,0,0,0
BA,2022,0,0,0
BA,2022,0,0,0
BA,2022,0,0,0
BA,2022,0,0,0
BA,2022,0,0,0
BA,2022,0,0,0
BA,2022,0,0,0
BA,2022,0,0,0
BA,2022,0,0,0
BA,2022,0,0,0
BA,2022,0,0,0
BA,2022,0,0,0
BA,2022,0,0,0
BA,2022,0,0,0
BA,2022,0,0,0
BA,2022,0,0,0
BA,2022,0,0,0
BA,2022,0,0,0
BA,2023,0,0,0
BA,2023,0,0,0
BA,2023,0,0,0
BA,2023,0,0,0
BA,2023,0,0,0
BA,2023,0,0,0
BA,2023,0,0,0
BA,2023,0,0,0
BA,2023,0,0,0
BA,2023,0,0,0
BA,2023,0,0,0
BA,2023,0,0,0
BA,2023,0,0,0
BA,2023,0,0,0
BA,2023,0,0,0
BA,2023,0,0,0
BA,2023,0,0,0
BA,2023,0,0,0
BA,2023,0,0,0
BA,2023,0,0,0
BA,2023,0,0,0
BA,2023,0,0,0
BA,2023,0,0,0
BA,2023,0,0,0
BA,2023,0,0,0
BA,2023,0,0,0
BA,2023,0,0,0
BA,2023,0,0,0
BA,2023,0,0,0
BA,2023,0,0,0
BA,2023,0,0,0
BA,2023,0,0,0
BA,2023,0,0,0
BLK,2019,0,0,0
BLK,2019,0,0,0
BLK,2019,0,0,0
BLK,2019,0,0,0
BLK,2019,0,0,0
BLK,2019,0,0,0
BLK,2019,0,0,0
BLK,2019,0,0,0
BLK,2019,0,0,0
BLK,2019,0,0,0
BLK,2019,0,0,0
BLK,2019,0,0,0
BLK,2019,0,0,0
BLK,2019,0,0,0
BLK,2019,0,0,0
BLK,2019,0,0,0
BLK,2019,0,0,0
BLK,2019,0,0,0
BLK,2020,0,0,0
BLK,2020,0,0,0
BLK,2020,0,0,0
BLK,2020,0,0,0
BLK,2020,0,0,0
BLK,2020,0,0,0
BLK,2020,0,0,0
BLK,2020,0,0,0
BLK,2020,0,0,0
BLK,2020,0,0,0
BLK,2020,0,0,0
BLK,2020,0,0,0
BLK,2020,0,0,0
BLK,2020,0,0,0
BLK,2020,0,0,0
BLK,2020,0,0,0
BLK,2020,0,0,0
BLK,2020,0,0,0
BLK,2021,0,0,0
BLK,2021,0,0,0
BLK,2021,0,0,0
BLK,2021,0,0,0
BLK,2021,0,0,0
BLK,2021,0,0,0
BLK,2021,0,0,0
BLK,2021,0,0,0
BLK,2021,0,0,0
BLK,2021,0,0,0
BLK,2021,0,0,0
BLK,2021,0,0,0
BLK,2021,0,0,0
BLK,2021,0,0,0
BLK,2021,0,0,0
BLK,2021,0,0,0
BLK,2021,0,0,0
BLK,2021,0,0,0
BLK,2022,0,0,0
BLK,2022,0,0,0
BLK,2022,0,0,0
BLK,2022,0,0,0
BLK,2022,0,0,0
BLK,2022,0,0,0
BLK,2022,0,0,0
BLK,2022,0,0,0
BLK,2022,0,0,0
BLK,2022,0,0,0
BLK,2022,0,0,0
BLK,2022,0,0,0
BLK,2022,0,0,0
BLK,2022,0,0,0
BLK,2022,0,0,0
BLK,2022,0,0,0
BLK,2022,0,0,0
BLK,2022,0,0,0
BLK,2023,0,0,0
BLK,2023,0,0,0
BLK,2023,0,0,0
BLK,2023,0,0,0
BLK,2023,0,0,0
BLK,2023,0,0,0
BLK,2023,0,0,0
BLK,2023,0,0,0
BLK,2023,0,0,0
BLK,2023,0,0,0
BLK,2023,0,0,0
BLK,2023,0,0,0
BLK,2023,0,0,0
BLK,2023,0,0,0
BLK,2023,0,0,0
BLK,2023,0,0,0
BLK,2023,0,0,0
BLK,2023,0,0,0
CAT,2019,0,0,0
CAT,2019,0,0,0
CAT,2019,0,0,0
CAT,2019,0,0,0
CAT,2019,0,0,0
CAT,2019,0,0,0
CAT,2019,0,0,0
CAT,2019,0,0,0
CAT,2019,0,0,0
CAT,2019,0,0,0
CAT,2019,0,0,0
CAT,2019,0,0,0
CAT,2019,0,0,0
CAT,2019,0,0,0
CAT,2019,0,0,0
CAT,2019,0,0,0
CAT,2019,0,0,0
CAT,2019,0,0,0
CAT,2019,0,0,0
CAT,2019,0,0,0
CAT,2019,0,0,0
CAT,2019,0,0,0
CAT,2019,0,0,0
CAT,2019,0,0,0
CAT,2019,0,0,0
CAT,2019,0,0,0
CAT,2019,0,0,0
CAT,2019,0,0,0
CAT,2019,0,0,0
CAT,2019,0,0,0
CAT,2019,0,0,0
CAT,2019,0,0,0
CAT,2019,0,0,0
CAT,2019,0,0,0
CAT,2019,0,0,0
CAT,2019,0,0,0
CAT,2019,0,0,0
CAT,2019,0,0,0
CAT,2019,0,0,0
CAT,2019,0,0,0
CAT,2019,0,0,0
CAT,2019,0,0,0
CAT,2019,0,0,0
CAT,2019,0,0,0
CAT,2019,0,0,0
CAT,2019,0,0,0
CAT,2019,0,0,0
CAT,2019,0,0,0
CAT,2019,0,0,0
CAT,2019,0,0,0
CAT,2019,0,0,0
CAT,2019,0,0,0
CAT,2020,0,0,0
CAT,2020,0,0,0
CAT,2020,0,0,0
CAT,2020,0,0,0
CAT,2020,0,0,0
CAT,2020,0,0,0
CAT,2020,0,0,0
CAT,2020,0,0,0
CAT,2020,0,0,0
CAT,2020,0,0,0
CAT,2020,0,0,0
CAT,2020,0,0,0
CAT,2020,0,0,0
CAT,2020,0,0,0
CAT,2020,0,0,0
CAT,2020,0,0,0
CAT,2020,0,0,0
CAT,2020,0,0,0
CAT,2020,0,0,0
CAT,2020,0,0,0
CAT,2020,0,0,0
CAT,2020,0,0,0
CAT,2020,0,0,0
CAT,2020,0,0,0
CAT,2020,0,0,0
CAT,2020,0,0,0
CAT,2020,0,0,0
CAT,2020,0,0,0
CAT,2020,0,0,0
CAT,2020,0,0,0
CAT,2020,0,0,0
CAT,2020,0,0,0
CAT,2020,0,0,0
CAT,2020,0,0,0
CAT,2020,0,0,0
CAT,2020,0,0,0
CAT,2020,0,0,0
CAT,2020,0,0,0
CAT,2020,0,0,0
CAT,2020,0,0,0
CAT,2020,0,0,0
CAT,2020,0,0,0
CAT,2020,0,0,0
CAT,2020,0,0,0
CAT,2020,0,0,0
CAT,2020,0,0,0
CAT,2020,0,0,0
CAT,2020,0,0,0
CAT,2020,0,0,0
CAT,2020,0,0,0
CAT,2020,0,0,0
CAT,2020,0,0,0
CAT,2021,0,0,0
CAT,2021,0,0,0
CAT,2021,0,0,0
CAT,2021,0,0,0
CAT,2021,0,0,0
CAT,2021,0,0,0
CAT,2021,0,0,0
CAT,2021,0,0,0
CAT,2021,0,0,0
CAT,2021,0,0,0
CAT,2021,0,0,0
CAT,2021,0,0,0
CAT,2021,0,0,0
CAT,2021,0,0,0
CAT,2021,0,0,0
CAT,2021,0,0,0
CAT,2021,0,0,0
CAT,2021,0,0,0
CAT,2021,0,0,0
CAT,2021,0,0,0
CAT,2021,0,0,0
CAT,2021,0,0,0
CAT,2021,0,0,0
CAT,2021,0,0,0
CAT,2021,0,0,0
CAT,2021,0,0,0
CAT,2021,0,0,0
CAT,2021,0,0,0
CAT,2021,0,0,0
CAT,2021,0,0,0
CAT,2021,0,0,0
CAT,2021,0,0,0
CAT,2021,0,0,0
CAT,2021,0,0,0
CAT,2021,0,0,0
CAT,2021,0,0,0
CAT,2021,0,0,0
CAT,2021,0,0,0
CAT,2021,0,0,0
CAT,2021,0,0,0
CAT,2021,0,0,0
CAT,2021,0,0,0
CAT,2021,0,0,0
CAT,2021,0,0,0
CAT,2021,0,0,0
CAT,2021,0,0,0
CAT,2021,0,0,0
CAT,2021,0,0,0
CAT,2021,0,0,0
CAT,2021,0,0,0
CAT,2021,0,0,0
CAT,2021,0,0,0
CAT,2022,0,0,0
CAT,2022,0,0,0
CAT,2022,0,0,0
CAT,2022,0,0,0
CAT,2022,0,0,0
CAT,2022,0,0,0
CAT,2022,0,0,0
CAT,2022,0,0,0
CAT,2022,0,0,0
CAT,2022,0,0,0
CAT,2022,0,0,0
CAT,2022,0,0,0
CAT,2022,0,0,0
CAT,2022,0,0,0
CAT,2022,0,0,0
CAT,2022,0,0,0
CAT,2022,0,0,0
CAT,2022,0,0,0
CAT,2022,0,0,0
CAT,2022,0,0,0
CAT,2022,0,0,0
CAT,2022,0,0,0
CAT,2022,0,0,0
CAT,2022,0,0,0
CAT,2022,0,0,0
CAT,2022,0,0,0
CAT,2022,0,0,0
CAT,2022,0,0,0
CAT,2022,0,0,0
CAT,2022,0,0,0
CAT,2022,0,0,0
CAT,2022,0,0,0
CAT,2022,0,0,0
CAT,2022,0,0,0
CAT,2022,0,0,0
CAT,2022,0,0,0
CAT,2022,0,0,0
CAT,2022,0,0,0
CAT,2022,0,0,0
CAT,2022,0,0,0
CAT,2022,0,0,0
CAT,2022,0,0,0
CAT,2022,0,0,0
CAT,2022,0,0,0
CAT,2022,0,0,0
CAT,2022,0,0,0
CAT,2022,0,0,0
CAT,2022,0,0,0
CAT,2022,0,0,0
CAT,2022,0,0,0
CAT,2022,0,0,0
CAT,2022,0,0,0
CAT,2023,0,0,0
CAT,2023,0,0,0
CAT,2023,0,0,0
CAT,2023,0,0,0
CAT,2023,0,0,0
CAT,2023,0,0,0
CAT,2023,0,0,0
CAT,2023,0,0,0
CAT,2023,0,0,0
CAT,2023,0,0,0
CAT,2023,0,0,0
CAT,2023,0,0,0
CAT,2023,0,0,0
CAT,2023,0,0,0
CAT,2023,0,0,0
CAT,2023,0,0,0
CAT,2023,0,0,0
CAT,2023,0,0,0
CAT,2023,0,0,0
CAT,2023,0,0,0
CAT,2023,0,0,0
CAT,2023,0,0,0
CAT,2023,0,0,0
CAT,2023,0,0,0
CAT,2023,0,0,0
CAT,2023,0,0,0
CAT,2023,0,0,0
CAT,2023,0,0,0
CAT,2023,0,0,0
CAT,2023,0,0,0
CAT,2023,0,0,0
CAT,2023,0,0,0
CAT,2023,0,0,0
CAT,2023,0,0,0
CAT,2023,0,0,0
CAT,2023,0,0,0
CAT,2023,0,0,0
CAT,2023,0,0,0
CAT,2023,0,0,0
CAT,2023,0,0,0
CAT,2023,0,0,0
CAT,2023,0,0,0
CAT,2023,0,0,0
CAT,2023,0,0,0
CAT,2023,0,0,0
CAT,2023,0,0,0
CAT,2023,0,0,0
CAT,2023,0,0,0
CAT,2023,0,0,0
CAT,2023,0,0,0
CAT,2023,0,0,0
CAT,2023,0,0,0
CL,2019,0,0,0
CL,2019,0,0,0
CL,2019,0,0,0
CL,2019,0,0,0
CL,2019,0,0,0
CL,2019,0,0,0
CL,2019,0,0,0
CL,2019,0,0,0
CL,2019,0,0,0
CL,2019,0,0,0
CL,2019,0,0,0
CL,2019,0,0,0
CL,2019,0,0,0
CL,2019,0,0,0
CL,2019,0,0,0
CL,2019,0,0,0
CL,2019,0,0,0
CL,2019,0,0,0
CL,2019,0,0,0
CL,2019,0,0,0
CL,2019,0,0,0
CL,2019,0,0,0
CL,2019,0,0,0
CL,2019,0,0,0
CL,2019,0,0,0
CL,2019,0,0,0
CL,2019,0,0,0
CL,2019,0,0,0
CL,2019,0,0,0
CL,2019,0,0,0
CL,2019,0,0,0
CL,2019,0,0,0
CL,2020,0,0,0
CL,2020,0,0,0
CL,2020,0,0,0
CL,2020,0,0,0
CL,2020,0,0,0
CL,2020,0,0,0
CL,2020,0,0,0
CL,2020,0,0,0
CL,2020,0,0,0
CL,2020,0,0,0
CL,2020,0,0,0
CL,2020,0,0,0
CL,2020,0,0,0
CL,2020,0,0,0
CL,2020,0,0,0
CL,2020,0,0,0
CL,2020,0,0,0
CL,2020,0,0,0
CL,2020,0,0,0
CL,2020,0,0,0
CL,2020,0,0,0
CL,2020,0,0,0
CL,2020,0,0,0
CL,2020,0,0,0
CL,2020,0,0,0
CL,2020,0,0,0
CL,2020,0,0,0
CL,2020,0,0,0
CL,2020,0,0,0
CL,2020,0,0,0
CL,2020,0,0,0
CL,2020,0,0,0
CL,2021,0,0,0
CL,2021,0,0,0
CL,2021,0,0,0
CL,2021,0,0,0
CL,2021,0,0,0
CL,2021,0,0,0
CL,2021,0,0,0
CL,2021,0,0,0
CL,2021,0,0,0
CL,2021,0,0,0
CL,2021,0,0,0
CL,2021,0,0,0
CL,2021,0,0,0
CL,2021,0,0,0
CL,2021,0,0,0
CL,2021,0,0,0
CL,2021,0,0,0
CL,2021,0,0,0
CL,2021,0,0,0
CL,2021,0,0,0
CL,2021,0,0,0
CL,2021,0,0,0
CL,2021,0,0,0
CL,2021,0,0,0
CL,2021,0,0,0
CL,2021,0,0,0
CL,2021,0,0,0
CL,2021,0,0,0
CL,2021,0,0,0
CL,2021,0,0,0
CL,2021,0,0,0
CL,2021,0,0,0
CL,2022,0,0,0
CL,2022,0,0,0
CL,2022,0,0,0
CL,2022,0,0,0
CL,2022,0,0,0
CL,2022,0,0,0
CL,2022,0,0,0
CL,2022,0,0,0
CL,2022,0,0,0
CL,2022,0,0,0
CL,2022,0,0,0
CL,2022,0,0,0
CL,2022,0,0,0
CL,2022,0,0,0
CL,2022,0,0,0
CL,2022,0,0,0
CL,2022,0,0,0
CL,2022,0,0,0
CL,2022,0,0,0
CL,2022,0,0,0
CL,2022,0,0,0
CL,2022,0,0,0
CL,2022,0,0,0
CL,2022,0,0,0
CL,2022,0,0,0
CL,2022,0,0,0
CL,2022,0,0,0
CL,2022,0,0,0
CL,2022,0,0,0
CL,2022,0,0,0
CL,2022,0,0,0
CL,2022,0,0,0
CL,2023,0,0,0
CL,2023,0,0,0
CL,2023,0,0,0
CL,2023,0,0,0
CL,2023,0,0,0
CL,2023,0,0,0
CL,2023,0,0,0
CL,2023,0,0,0
CL,2023,0,0,0
CL,2023,0,0,0
CL,2023,0,0,0
CL,2023,0,0,0
CL,2023,0,0,0
CL,2023,0,0,0
CL,2023,0,0,0
CL,2023,0,0,0
CL,2023,0,0,0
CL,2023,0,0,0
CL,2023,0,0,0
CL,2023,0,0,0
CL,2023,0,0,0
CL,2023,0,0,0
CL,2023,0,0,0
CL,2023,0,0,0
CL,2023,0,0,0
CL,2023,0,0,0
CL,2023,0,0,0
CL,2023,0,0,0
CL,2023,0,0,0
CL,2023,0,0,0
CL,2023,0,0,0
CL,2023,0,0,0
CRM,2019,0,0,0
CRM,2019,0,0,0
CRM,2019,0,0,0
CRM,2019,0,0,0
CRM,2019,0,0,0
CRM,2019,0,0,0
CRM,2019,0,0,0
CRM,2019,0,0,0
CRM,2019,0,0,0
CRM,2019,0,0,0
CRM,2019,0,0,0
CRM,2019,0,0,0
CRM,2019,0,0,0
CRM,2019,0,0,0
CRM,2019,0,0,0
CRM,2019,0,0,0
CRM,2019,0,0,0
CRM,2019,0,0,0
CRM,2019,0,0,0
CRM,2019,0,0,0
CRM,2020,0,0,0
CRM,2020,0,0,0
CRM,2020,0,0,0
CRM,2020,0,0,0
CRM,2020,0,0,0
CRM,2020,0,0,0
CRM,2020,0,0,0
CRM,2020,0,0,0
CRM,2020,0,0,0
CRM,2020,0,0,0
CRM,2020,0,0,0
CRM,2020,0,0,0
CRM,2020,0,0,0
CRM,2020,0,0,0
CRM,2020,0,0,0
CRM,2020,0,0,0
CRM,2020,0,0,0
CRM,2020,0,0,0
CRM,2020,0,0,0
CRM,2020,0,0,0
CRM,2021,0,0,0
CRM,2021,0,0,0
CRM,2021,0,0,0
CRM,2021,0,0,0
CRM,2021,0,0,0
CRM,2021,0,0,0
CRM,2021,0,0,0
CRM,2021,0,0,0
CRM,2021,0,0,0
CRM,2021,0,0,0
CRM,2021,0,0,0
CRM,2021,0,0,0
CRM,2021,0,0,0
CRM,2021,0,0,0
CRM,2021,0,0,0
CRM,2021,0,0,0
CRM,2021,0,0,0
CRM,2021,0,0,0
CRM,2021,0,0,0
CRM,2021,0,0,0
CRM,2022,0,0,0
CRM,2022,0,0,0
CRM,2022,0,0,0
CRM,2022,0,0,0
CRM,2022,0,0,0
CRM,2022,0,0,0
CRM,2022,0,0,0
CRM,2022,0,0,0
CRM,2022,0,0,0
CRM,2022,0,0,0
CRM,2022,0,0,0
CRM,2022,0,0,0
CRM,2022,0,0,0
CRM,2022,0,0,0
CRM,2022,0,0,0
CRM,2022,0,0,0
CRM,2022,0,0,0
CRM,2022,0,0,0
CRM,2022,0,0,0
CRM,2022,0,0,0
CRM,2023,0,0,0
CRM,2023,0,0,0
CRM,2023,0,0,0
CRM,2023,0,0,0
CRM,2023,0,0,0
CRM,2023,0,0,0
CRM,2023,0,0,0
CRM,2023,0,0,0
CRM,2023,0,0,0
CRM,2023,0,0,0
CRM,2023,0,0,0
CRM,2023,0,0,0
CRM,2023,0,0,0
CRM,2023,0,0,0
CRM,2023,0,0,0
CRM,2023,0,0,0
CRM,2023,0,0,0
CRM,2023,0,0,0
CRM,2023,0,0,0
CRM,2023,0,0,0
CSCO,2019,0,0,0
CSCO,2019,0,0,0
CSCO,2019,0,0,0
CSCO,2019,0,0,0
CSCO,2019,0,0,0
CSCO,2019,0,0,0
CSCO,2019,0,0,0
CSCO,2019,0,0,0
CSCO,2019,0,0,0
CSCO,2019,0,0,0
CSCO,2019,0,0,0
CSCO,2019,0,0,0
CSCO,2019,0,0,0
CSCO,2019,0,0,0
CSCO,2019,0,0,0
CSCO,2019,0,0,0
CSCO,2019,0,0,0
CSCO,2019,0,0,0
CSCO,2019,0,0,0
CSCO,2019,0,0,0
CSCO,2019,0,0,0
CSCO,2019,0,0,0
CSCO,2019,0,0,0
CSCO,2019,0,0,0
CSCO,2019,0,0,0
CSCO,2019,0,0,0
CSCO,2019,0,0,0
CSCO,2019,0,0,0
CSCO,2019,0,0,0
CSCO,2019,0,0,0
CSCO,2019,0,0,0
CSCO,2020,0,0,0
CSCO,2020,0,0,0
CSCO,2020,0,0,0
CSCO,2020,0,0,0
CSCO,2020,0,0,0
CSCO,2020,0,0,0
CSCO,2020,0,0,0
CSCO,2020,0,0,0
CSCO,2020,0,0,0
CSCO,2020,0,0,0
CSCO,2020,0,0,0
CSCO,2020,0,0,0
CSCO,2020,0,0,0
CSCO,2020,0,0,0
CSCO,2020,0,0,0
CSCO,2020,0,0,0
CSCO,2020,0,0,0
CSCO,2020,0,0,0
CSCO,2020,0,0,0
CSCO,2020,0,0,0
CSCO,2020,0,0,0
CSCO,2020,0,0,0
CSCO,2020,0,0,0
CSCO,2020,0,0,0
CSCO,2020,0,0,0
CSCO,2020,0,0,0
CSCO,2020,0,0,0
CSCO,2020,0,0,0
CSCO,2020,0,0,0
CSCO,2020,0,0,0
CSCO,2020,0,0,0
CSCO,2021,0,0,0
CSCO,2021,0,0,0
CSCO,2021,0,0,0
CSCO,2021,0,0,0
CSCO,2021,0,0,0
CSCO,2021,0,0,0
CSCO,2021,0,0,0
CSCO,2021,0,0,0
CSCO,2021,0,0,0
CSCO,2021,0,0,0
CSCO,2021,0,0,0
CSCO,2021,0,0,0
CSCO,2021,0,0,0
CSCO,2021,0,0,0
CSCO,2021,0,0,0
CSCO,2021,0,0,0
CSCO,2021,0,0,0
CSCO,2021,0,0,0
CSCO,2021,0,0,0
CSCO,2021,0,0,0
CSCO,2021,0,0,0
CSCO,2021,0,0,0
CSCO,2021,0,0,0
CSCO,2021,0,0,0
CSCO,2021,0,0,0
CSCO,2021,0,0,0
CSCO,2021,0,0,0
CSCO,2021,0,0,0
CSCO,2021,0,0,0
CSCO,2021,0,0,0
CSCO,2021,0,0,0
CSCO,2022,0,0,0
CSCO,2022,0,0,0
CSCO,2022,0,0,0
CSCO,2022,0,0,0
CSCO,2022,0,0,0
CSCO,2022,0,0,0
CSCO,2022,0,0,0
CSCO,2022,0,0,0
CSCO,2022,0,0,0
CSCO,2022,0,0,0
CSCO,2022,0,0,0
CSCO,2022,0,0,0
CSCO,2022,0,0,0
CSCO,2022,0,0,0
CSCO,2022,0,0,0
CSCO,2022,0,0,0
CSCO,2022,0,0,0
CSCO,2022,0,0,0
CSCO,2022,0,0,0
CSCO,2022,0,0,0
CSCO,2022,0,0,0
CSCO,2022,0,0,0
CSCO,2022,0,0,0
CSCO,2022,0,0,0
CSCO,2022,0,0,0
CSCO,2022,0,0,0
CSCO,2022,0,0,0
CSCO,2022,0,0,0
CSCO,2022,0,0,0
CSCO,2022,0,0,0
CSCO,2022,0,0,0
CSCO,2023,0,0,0
CSCO,2023,0,0,0
CSCO,2023,0,0,0
CSCO,2023,0,0,0
CSCO,2023,0,0,0
CSCO,2023,0,0,0
CSCO,2023,0,0,0
CSCO,2023,0,0,0
CSCO,2023,0,0,0
CSCO,2023,0,0,0
CSCO,2023,0,0,0
CSCO,2023,0,0,0
CSCO,2023,0,0,0
CSCO,2023,0,0,0
CSCO,2023,0,0,0
CSCO,2023,0,0,0
CSCO,2023,0,0,0
CSCO,2023,0,0,0
CSCO,2023,0,0,0
CSCO,2023,0,0,0
CSCO,2023,0,0,0
CSCO,2023,0,0,0
CSCO,2023,0,0,0
CSCO,2023,0,0,0
CSCO,2023,0,0,0
CSCO,2023,0,0,0
CSCO,2023,0,0,0
CSCO,2023,0,0,0
CSCO,2023,0,0,0
CSCO,2023,0,0,0
CSCO,2023,0,0,0
CVX,2019,0,0,0
CVX,2019,0,0,0
CVX,2019,0,0,0
CVX,2019,0,0,0
CVX,2019,0,0,0
CVX,2019,0,0,0
CVX,2019,0,0,0
CVX,2019,0,0,0
CVX,2019,0,0,0
CVX,2019,0,0,0
CVX,2019,0,0,0
CVX,2019,0,0,0
CVX,2019,0,0,0
CVX,2019,0,0,0
CVX,2019,0,0,0
CVX,2019,0,0,0
CVX,2019,0,0,0
CVX,2019,0,0,0
CVX,2019,0,0,0
CVX,2019,0,0,0
CVX,2019,0,0,0
CVX,2019,0,0,0
CVX,2019,0,0,0
CVX,2019,0,0,0
CVX,2019,0,0,0
CVX,2019,0,0,0
CVX,2019,0,0,0
CVX,2019,0,0,0
CVX,2019,0,0,0
CVX,2019,0,0,0
CVX,2019,0,0,0
CVX,2020,0,0,0
CVX,2020,0,0,0
CVX,2020,0,0,0
CVX,2020,0,0,0
CVX,2020,0,0,0
CVX,2020,0,0,0
CVX,2020,0,0,0
CVX,2020,0,0,0
CVX,2020,0,0,0
CVX,2020,0,0,0
CVX,2020,0,0,0
CVX,2020,0,0,0
CVX,2020,0,0,0
CVX,2020,0,0,0
CVX,2020,0,0,0
CVX,2020,0,0,0
CVX,2020,0,0,0
CVX,2020,0,0,0
CVX,2020,0,0,0
CVX,2020,0,0,0
CVX,2020,0,0,0
CVX,2020,0,0,0
CVX,2020,0,0,0
CVX,2020,0,0,0
CVX,2020,0,0,0
CVX,2020,0,0,0
CVX,2020,0,0,0
CVX,2020,0,0,0
CVX,2020,0,0,0
CVX,2020,0,0,0
CVX,2020,0,0,0
CVX,2021,0,0,0
CVX,2021,0,0,0
CVX,2021,0,0,0
CVX,2021,0,0,0
CVX,2021,0,0,0
CVX,2021,0,0,0
CVX,2021,0,0,0
CVX,2021,0,0,0
CVX,2021,0,0,0
CVX,2021,0,0,0
CVX,2021,0,0,0
CVX,2021,0,0,0
CVX,2021,0,0,0
CVX,2021,0,0,0
CVX,2021,0,0,0
CVX,2021,0,0,0
CVX,2021,0,0,0
CVX,2021,0,0,0
CVX,2021,0,0,0
CVX,2021,0,0,0
CVX,2021,0,0,0
CVX,2021,0,0,0
CVX,2021,0,0,0
CVX,2021,0,0,0
CVX,2021,0,0,0
CVX,2021,0,0,0
CVX,2021,0,0,0
CVX,2021,0,0,0
CVX,2021,0,0,0
CVX,2021,0,0,0
CVX,2021,0,0,0
CVX,2022,0,0,0
CVX,2022,0,0,0
CVX,2022,0,0,0
CVX,2022,0,0,0
CVX,2022,0,0,0
CVX,2022,0,0,0
CVX,2022,0,0,0
CVX,2022,0,0,0
CVX,2022,0,0,0
CVX,2022,0,0,0
CVX,2022,0,0,0
CVX,2022,0,0,0
CVX,2022,0,0,0
CVX,2022,0,0,0
CVX,2022,0,0,0
CVX,2022,0,0,0
CVX,2022,0,0,0
CVX,2022,0,0,0
CVX,2022,0,0,0
CVX,2022,0,0,0
CVX,2022,0,0,0
CVX,2022,0,0,0
CVX,2022,0,0,0
CVX,2022,0,0,0
CVX,2022,0,0,0
CVX,2022,0,0,0
CVX,2022,0,0,0
CVX,2022,0,0,0
CVX,2022,0,0,0
CVX,2022,0,0,0
CVX,2022,0,0,0
CVX,2023,0,0,0
CVX,2023,0,0,0
CVX,2023,0,0,0
CVX,2023,0,0,0
CVX,2023,0,0,0
CVX,2023,0,0,0
CVX,2023,0,0,0
CVX,2023,0,0,0
CVX,2023,0,0,0
CVX,2023,0,0,0
CVX,2023,0,0,0
CVX,2023,0,0,0
CVX,2023,0,0,0
CVX,2023,0,0,0
CVX,2023,0,0,0
CVX,2023,0,0,0
CVX,2023,0,0,0
CVX,2023,0,0,0
CVX,2023,0,0,0
CVX,2023,0,0,0
CVX,2023,0,0,0
CVX,2023,0,0,0
CVX,2023,0,0,0
CVX,2023,0,0,0
CVX,2023,0,0,0
CVX,2023,0,0,0
CVX,2023,0,0,0
CVX,2023,0,0,0
CVX,2023,0,0,0
CVX,2023,0,0,0
CVX,2023,0,0,0
DIS,2019,0,0,0
DIS,2019,0,0,0
DIS,2019,0,0,0
DIS,2019,0,0,0
DIS,2019,0,0,0
DIS,2019,0,0,0
DIS,2019,0,0,0
DIS,2020,0,0,0
DIS,2020,0,0,0
DIS,2020,0,0,0
DIS,2020,0,0,0
DIS,2020,0,0,0
DIS,2020,0,0,0
DIS,2020,0,0,0
DIS,2021,0,0,0
DIS,2021,0,0,0
DIS,2021,0,0,0
DIS,2021,0,0,0
DIS,2021,0,0,0
DIS,2021,0,0,0
DIS,2021,0,0,0
DIS,2022,0,0,0
DIS,2022,0,0,0
DIS,2022,0,0,0
DIS,2022,0,0,0
DIS,2022,0,0,0
DIS,2022,0,0,0
DIS,2022,0,0,0
DIS,2023,0,0,0
DIS,2023,0,0,0
DIS,2023,0,0,0
DIS,2023,0,0,0
DIS,2023,0,0,0
DIS,2023,0,0,0
DIS,2023,0,0,0
DTSS,2019,0,0,0
DTSS,2019,0,0,0
DTSS,2019,0,0,0
DTSS,2019,0,0,0
DTSS,2019,0,0,0
DTSS,2019,0,0,0
DTSS,2019,0,0,0
DTSS,2019,0,0,0
DTSS,2020,0,0,0
DTSS,2020,0,0,0
DTSS,2020,0,0,0
DTSS,2020,0,0,0
DTSS,2020,0,0,0
DTSS,2020,0,0,0
DTSS,2020,0,0,0
DTSS,2020,0,0,0
DTSS,2021,0,0,0
DTSS,2021,0,0,0
DTSS,2021,0,0,0
DTSS,2021,0,0,0
DTSS,2021,0,0,0
DTSS,2021,0,0,0
DTSS,2021,0,0,0
DTSS,2021,0,0,0
DTSS,2022,0,0,0
DTSS,2022,0,0,0
DTSS,2022,0,0,0
DTSS,2022,0,0,0
DTSS,2022,0,0,0
DTSS,2022,0,0,0
DTSS,2022,0,0,0
DTSS,2022,0,0,0
DTSS,2023,0,0,0
DTSS,2023,0,0,0
DTSS,2023,0,0,0
DTSS,2023,0,0,0
DTSS,2023,0,0,0
DTSS,2023,0,0,0
DTSS,2023,0,0,0
DTSS,2023,0,0,0
EQIX,2019,0,0,0
EQIX,2019,0,0,0
EQIX,2019,0,0,0
EQIX,2019,0,0,0
EQIX,2019,0,0,0
EQIX,2019,0,0,0
EQIX,2019,0,0,0
EQIX,2019,0,0,0
EQIX,2019,0,0,0
EQIX,2019,0,0,0
EQIX,2019,0,0,0
EQIX,2019,0,0,0
EQIX,2019,0,0,0
EQIX,2019,0,0,0
EQIX,2019,0,0,0
EQIX,2019,0,0,0
EQIX,2019,0,0,0
EQIX,2019,0,0,0
EQIX,2019,0,0,0
EQIX,2019,0,0,0
EQIX,2019,0,0,0
EQIX,2019,0,0,0
EQIX,2019,0,0,0
EQIX,2019,0,0,0
EQIX,2019,0,0,0
EQIX,2019,0,0,0
EQIX,2020,0,0,0
EQIX,2020,0,0,0
EQIX,2020,0,0,0
EQIX,2020,0,0,0
EQIX,2020,0,0,0
EQIX,2020,0,0,0
EQIX,2020,0,0,0
EQIX,2020,0,0,0
EQIX,2020,0,0,0
EQIX,2020,0,0,0
EQIX,2020,0,0,0
EQIX,2020,0,0,0
EQIX,2020,0,0,0
EQIX,2020,0,0,0
EQIX,2020,0,0,0
EQIX,2020,0,0,0
EQIX,2020,0,0,0
EQIX,2020,0,0,0
EQIX,2020,0,0,0
EQIX,2020,0,0,0
EQIX,2020,0,0,0
EQIX,2020,0,0,0
EQIX,2020,0,0,0
EQIX,2020,0,0,0
EQIX,2020,0,0,0
EQIX,2020,0,0,0
EQIX,2021,0,0,0
EQIX,2021,0,0,0
EQIX,2021,0,0,0
EQIX,2021,0,0,0
EQIX,2021,0,0,0
EQIX,2021,0,0,0
EQIX,2021,0,0,0
EQIX,2021,0,0,0
EQIX,2021,0,0,0
EQIX,2021,0,0,0
EQIX,2021,0,0,0
EQIX,2021,0,0,0
EQIX,2021,0,0,0
EQIX,2021,0,0,0
EQIX,2021,0,0,0
EQIX,2021,0,0,0
EQIX,2021,0,0,0
EQIX,2021,0,0,0
EQIX,2021,0,0,0
EQIX,2021,0,0,0
EQIX,2021,0,0,0
EQIX,2021,0,0,0
EQIX,2021,0,0,0
EQIX,2021,0,0,0
EQIX,2021,0,0,0
EQIX,2021,0,0,0
EQIX,2022,0,0,0
EQIX,2022,0,0,0
EQIX,2022,0,0,0
EQIX,2022,0,0,0
EQIX,2022,0,0,0
EQIX,2022,0,0,0
EQIX,2022,0,0,0
EQIX,2022,0,0,0
EQIX,2022,0,0,0
EQIX,2022,0,0,0
EQIX,2022,0,0,0
EQIX,2022,0,0,0
EQIX,2022,0,0,0
EQIX,2022,0,0,0
EQIX,2022,0,0,0
EQIX,2022,0,0,0
EQIX,2022,0,0,0
EQIX,2022,0,0,0
EQIX,2022,0,0,0
EQIX,2022,0,0,0
EQIX,2022,0,0,0
EQIX,2022,0,0,0
EQIX,2022,0,0,0
EQIX,2022,0,0,0
EQIX,2022,0,0,0
EQIX,2022,0,0,0
EQIX,2023,0,0,0
EQIX,2023,0,0,0
EQIX,2023,0,0,0
EQIX,2023,0,0,0
EQIX,2023,0,0,0
EQIX,2023,0,0,0
EQIX,2023,0,0,0
EQIX,2023,0,0,0
EQIX,2023,0,0,0
EQIX,2023,0,0,0
EQIX,2023,0,0,0
EQIX,2023,0,0,0
EQIX,2023,0,0,0
EQIX,2023,0,0,0
EQIX,2023,0,0,0
EQIX,2023,0,0,0
EQIX,2023,0,0,0
EQIX,2023,0,0,0
EQIX,2023,0,0,0
EQIX,2023,0,0,0
EQIX,2023,0,0,0
EQIX,2023,0,0,0
EQIX,2023,0,0,0
EQIX,2023,0,0,0
EQIX,2023,0,0,0
EQIX,2023,0,0,0
FICO,2019,0,0,0
FICO,2019,0,0,0
FICO,2019,0,0,0
FICO,2019,0,0,0
FICO,2019,0,0,0
FICO,2019,0,0,0
FICO,2019,0,0,0
FICO,2019,0,0,0
FICO,2019,0,0,0
FICO,2019,0,0,0
FICO,2019,0,0,0
FICO,2019,0,0,0
FICO,2019,0,0,0
FICO,2019,0,0,0
FICO,2019,0,0,0
FICO,2019,0,0,0
FICO,2019,0,0,0
FICO,2019,0,0,0
FICO,2019,0,0,0
FICO,2019,0,0,0
FICO,2019,0,0,0
FICO,2019,0,0,0
FICO,2019,0,0,0
FICO,2019,0,0,0
FICO,2019,0,0,0
FICO,2019,0,0,0
FICO,2019,0,0,0
FICO,2019,0,0,0
FICO,2019,0,0,0
FICO,2019,0,0,0
FICO,2019,0,0,0
FICO,2019,0,0,0
FICO,2020,0,0,0
FICO,2020,0,0,0
FICO,2020,0,0,0
FICO,2020,0,0,0
FICO,2020,0,0,0
FICO,2020,0,0,0
FICO,2020,0,0,0
FICO,2020,0,0,0
FICO,2020,0,0,0
FICO,2020,0,0,0
FICO,2020,0,0,0
FICO,2020,0,0,0
FICO,2020,0,0,0
FICO,2020,0,0,0
FICO,2020,0,0,0
FICO,2020,0,0,0
FICO,2020,0,0,0
FICO,2020,0,0,0
FICO,2020,0,0,0
FICO,2020,0,0,0
FICO,2020,0,0,0
FICO,2020,0,0,0
FICO,2020,0,0,0
FICO,2020,0,0,0
FICO,2020,0,0,0
FICO,2020,0,0,0
FICO,2020,0,0,0
FICO,2020,0,0,0
FICO,2020,0,0,0
FICO,2020,0,0,0
FICO,2020,0,0,0
FICO,2020,0,0,0
FICO,2021,0,0,0
FICO,2021,0,0,0
FICO,2021,0,0,0
FICO,2021,0,0,0
FICO,2021,0,0,0
FICO,2021,0,0,0
FICO,2021,0,0,0
FICO,2021,0,0,0
FICO,2021,0,0,0
FICO,2021,0,0,0
FICO,2021,0,0,0
FICO,2021,0,0,0
FICO,2021,0,0,0
FICO,2021,0,0,0
FICO,2021,0,0,0
FICO,2021,0,0,0
FICO,2021,0,0,0
FICO,2021,0,0,0
FICO,2021,0,0,0
FICO,2021,0,0,0
FICO,2021,0,0,0
FICO,2021,0,0,0
FICO,2021,0,0,0
FICO,2021,0,0,0
FICO,2021,0,0,0
FICO,2021,0,0,0
FICO,2021,0,0,0
FICO,2021,0,0,0
FICO,2021,0,0,0
FICO,2021,0,0,0
FICO,2021,0,0,0
FICO,2021,0,0,0
FICO,2022,0,0,0
FICO,2022,0,0,0
FICO,2022,0,0,0
FICO,2022,0,0,0
FICO,2022,0,0,0
FICO,2022,0,0,0
FICO,2022,0,0,0
FICO,2022,0,0,0
FICO,2022,0,0,0
FICO,2022,0,0,0
FICO,2022,0,0,0
FICO,2022,0,0,0
FICO,2022,0,0,0
FICO,2022,0,0,0
FICO,2022,0,0,0
FICO,2022,0,0,0
FICO,2022,0,0,0
FICO,2022,0,0,0
FICO,2022,0,0,0
FICO,2022,0,0,0
FICO,2022,0,0,0
FICO,2022,0,0,0
FICO,2022,0,0,0
FICO,2022,0,0,0
FICO,2022,0,0,0
FICO,2022,0,0,0
FICO,2022,0,0,0
FICO,2022,0,0,0
FICO,2022,0,0,0
FICO,2022,0,0,0
FICO,2022,0,0,0
FICO,2022,0,0,0
FICO,2023,0,0,0
FICO,2023,0,0,0
FICO,2023,0,0,0
FICO,2023,0,0,0
FICO,2023,0,0,0
FICO,2023,0,0,0
FICO,2023,0,0,0
FICO,2023,0,0,0
FICO,2023,0,0,0
FICO,2023,0,0,0
FICO,2023,0,0,0
FICO,2023,0,0,0
FICO,2023,0,0,0
FICO,2023,0,0,0
FICO,2023,0,0,0
FICO,2023,0,0,0
FICO,2023,0,0,0
FICO,2023,0,0,0
FICO,2023,0,0,0
FICO,2023,0,0,0
FICO,2023,0,0,0
FICO,2023,0,0,0
FICO,2023,0,0,0
FICO,2023,0,0,0
FICO,2023,0,0,0
FICO,2023,0,0,0
FICO,2023,0,0,0
FICO,2023,0,0,0
FICO,2023,0,0,0
FICO,2023,0,0,0
FICO,2023,0,0,0
FICO,2023,0,0,0
FLWS,2019,0,0,0
FLWS,2019,0,0,0
FLWS,2019,0,0,0
FLWS,2019,0,0,0
FLWS,2019,0,0,0
FLWS,2019,0,0,0
FLWS,2019,0,0,0
FLWS,2019,0,0,0
FLWS,2019,0,0,0
FLWS,2019,0,0,0
FLWS,2019,0,0,0
FLWS,2019,0,0,0
FLWS,2019,0,0,0
FLWS,2019,0,0,0
FLWS,2019,0,0,0
FLWS,2019,0,0,0
FLWS,2019,0,0,0
FLWS,2019,0,0,0
FLWS,2019,0,0,0
FLWS,2019,0,0,0
FLWS,2019,0,0,0
FLWS,2019,0,0,0
FLWS,2019,0,0,0
FLWS,2019,0,0,0
FLWS,2019,0,0,0
FLWS,2019,0,0,0
FLWS,2019,0,0,0
FLWS,2020,0,0,0
FLWS,2020,0,0,0
FLWS,2020,0,0,0
FLWS,2020,0,0,0
FLWS,2020,0,0,0
FLWS,2020,0,0,0
FLWS,2020,0,0,0
FLWS,2020,0,0,0
FLWS,2020,0,0,0
FLWS,2020,0,0,0
FLWS,2020,0,0,0
FLWS,2020,0,0,0
FLWS,2020,0,0,0
FLWS,2020,0,0,0
FLWS,2020,0,0,0
FLWS,2020,0,0,0
FLWS,2020,0,0,0
FLWS,2020,0,0,0
FLWS,2020,0,0,0
FLWS,2020,0,0,0
FLWS,2020,0,0,0
FLWS,2020,0,0,0
FLWS,2020,0,0,0
FLWS,2020,0,0,0
FLWS,2020,0,0,0
FLWS,2020,0,0,0
FLWS,2020,0,0,0
FLWS,2021,0,0,0
FLWS,2021,0,0,0
FLWS,2021,0,0,0
FLWS,2021,0,0,0
FLWS,2021,0,0,0
FLWS,2021,0,0,0
FLWS,2021,0,0,0
FLWS,2021,0,0,0
FLWS,2021,0,0,0
FLWS,2021,0,0,0
FLWS,2021,0,0,0
FLWS,2021,0,0,0
FLWS,2021,0,0,0
FLWS,2021,0,0,0
FLWS,2021,0,0,0
FLWS,2021,0,0,0
FLWS,2021,0,0,0
FLWS,2021,0,0,0
FLWS,2021,0,0,0
FLWS,2021,0,0,0
FLWS,2021,0,0,0
FLWS,2021,0,0,0
FLWS,2021,0,0,0
FLWS,2021,0,0,0
FLWS,2021,0,0,0
FLWS,2021,0,0,0
FLWS,2021,0,0,0
FLWS,2022,0,0,0
FLWS,2022,0,0,0
FLWS,2022,0,0,0
FLWS,2022,0,0,0
FLWS,2022,0,0,0
FLWS,2022,0,0,0
FLWS,2022,0,0,0
FLWS,2022,0,0,0
FLWS,2022,0,0,0
FLWS,2022,0,0,0
FLWS,2022,0,0,0
FLWS,2022,0,0,0
FLWS,2022,0,0,0
FLWS,2022,0,0,0
FLWS,2022,0,0,0
FLWS,2022,0,0,0
FLWS,2022,0,0,0
FLWS,2022,0,0,0
FLWS,2022,0,0,0
FLWS,2022,0,0,0
FLWS,2022,0,0,0
FLWS,2022,0,0,0
FLWS,2022,0,0,0
FLWS,2022,0,0,0
FLWS,2022,0,0,0
FLWS,2022,0,0,0
FLWS,2022,0,0,0
FLWS,2023,0,0,0
FLWS,2023,0,0,0
FLWS,2023,0,0,0
FLWS,2023,0,0,0
FLWS,2023,0,0,0
FLWS,2023,0,0,0
FLWS,2023,0,0,0
FLWS,2023,0,0,0
FLWS,2023,0,0,0
FLWS,2023,0,0,0
FLWS,2023,0,0,0
FLWS,2023,0,0,0
FLWS,2023,0,0,0
FLWS,2023,0,0,0
FLWS,2023,0,0,0
FLWS,2023,0,0,0
FLWS,2023,0,0,0
FLWS,2023,0,0,0
FLWS,2023,0,0,0
FLWS,2023,0,0,0
FLWS,2023,0,0,0
FLWS,2023,0,0,0
FLWS,2023,0,0,0
FLWS,2023,0,0,0
FLWS,2023,0,0,0
FLWS,2023,0,0,0
FLWS,2023,0,0,0
GM,2019,0,0,0
GM,2019,0,0,0
GM,2019,0,0,0
GM,2019,0,0,0
GM,2019,0,0,0
GM,2019,0,0,0
GM,2019,0,0,0
GM,2019,0,0,0
GM,2019,0,0,0
GM,2019,0,0,0
GM,2019,0,0,0
GM,2019,0,0,0
GM,2019,0,0,0
GM,2019,0,0,0
GM,2019,0,0,0
GM,2020,0,0,0
GM,2020,0,0,0
GM,2020,0,0,0
GM,2020,0,0,0
GM,2020,0,0,0
GM,2020,0,0,0
GM,2020,0,0,0
GM,2020,0,0,0
GM,2020,0,0,0
GM,2020,0,0,0
GM,2020,0,0,0
GM,2020,0,0,0
GM,2020,0,0,0
GM,2020,0,0,0
GM,2020,0,0,0
GM,2021,0,0,0
GM,2021,0,0,0
GM,2021,0,0,0
GM,2021,0,0,0
GM,2021,0,0,0
GM,2021,0,0,0
GM,2021,0,0,0
GM,2021,0,0,0
GM,2021,0,0,0
GM,2021,0,0,0
GM,2021,0,0,0
GM,2021,0,0,0
GM,2021,0,0,0
GM,2021,0,0,0
GM,2021,0,0,0
GM,2022,0,0,0
GM,2022,0,0,0
GM,2022,0,0,0
GM,2022,0,0,0
GM,2022,0,0,0
GM,2022,0,0,0
GM,2022,0,0,0
GM,2022,0,0,0
GM,2022,0,0,0
GM,2022,0,0,0
GM,2022,0,0,0
GM,2022,0,0,0
GM,2022,0,0,0
GM,2022,0,0,0
GM,2022,0,0,0
GM,2023,0,0,0
GM,2023,0,0,0
GM,2023,0,0,0
GM,2023,0,0,0
GM,2023,0,0,0
GM,2023,0,0,0
GM,2023,0,0,0
GM,2023,0,0,0
GM,2023,0,0,0
GM,2023,0,0,0
GM,2023,0,0,0
GM,2023,0,0,0
GM,2023,0,0,0
GM,2023,0,0,0
GM,2023,0,0,0
GS,2019,0,0,0
GS,2019,0,0,0
GS,2019,0,0,0
GS,2019,0,0,0
GS,2019,0,0,0
GS,2019,0,0,0
GS,2019,0,0,0
GS,2019,0,0,0
GS,2019,0,0,0
GS,2019,0,0,0
GS,2019,0,0,0
GS,2019,0,0,0
GS,2019,0,0,0
GS,2019,0,0,0
GS,2019,0,0,0
GS,2019,0,0,0
GS,2019,0,0,0
GS,2019,0,0,0
GS,2019,0,0,0
GS,2019,0,0,0
GS,2019,0,0,0
GS,2019,0,0,0
GS,2019,0,0,0
GS,2019,0,0,0
GS,2019,0,0,0
GS,2019,0,0,0
GS,2019,0,0,0
GS,2020,0,0,0
GS,2020,0,0,0
GS,2020,0,0,0
GS,2020,0,0,0
GS,2020,0,0,0
GS,2020,0,0,0
GS,2020,0,0,0
GS,2020,0,0,0
GS,2020,0,0,0
GS,2020,0,0,0
GS,2020,0,0,0
GS,2020,0,0,0
GS,2020,0,0,0
GS,2020,0,0,0
GS,2020,0,0,0
GS,2020,0,0,0
GS,2020,0,0,0
GS,2020,0,0,0
GS,2020,0,0,0
GS,2020,0,0,0
GS,2020,0,0,0
GS,2020,0,0,0
GS,2020,0,0,0
GS,2020,0,0,0
GS,2020,0,0,0
GS,2020,0,0,0
GS,2020,0,0,0
GS,2021,0,0,0
GS,2021,0,0,0
GS,2021,0,0,0
GS,2021,0,0,0
GS,2021,0,0,0
GS,2021,0,0,0
GS,2021,0,0,0
GS,2021,0,0,0
GS,2021,0,0,0
GS,2021,0,0,0
GS,2021,0,0,0
GS,2021,0,0,0
GS,2021,0,0,0
GS,2021,0,0,0
GS,2021,0,0,0
GS,2021,0,0,0
GS,2021,0,0,0
GS,2021,0,0,0
GS,2021,0,0,0
GS,2021,0,0,0
GS,2021,0,0,0
GS,2021,0,0,0
GS,2021,0,0,0
GS,2021,0,0,0
GS,2021,0,0,0
GS,2021,0,0,0
GS,2021,0,0,0
GS,2022,0,0,0
GS,2022,0,0,0
GS,2022,0,0,0
GS,2022,0,0,0
GS,2022,0,0,0
GS,2022,0,0,0
GS,2022,0,0,0
GS,2022,0,0,0
GS,2022,0,0,0
GS,2022,0,0,0
GS,2022,0,0,0
GS,2022,0,0,0
GS,2022,0,0,0
GS,2022,0,0,0
GS,2022,0,0,0
GS,2022,0,0,0
GS,2022,0,0,0
GS,2022,0,0,0
GS,2022,0,0,0
GS,2022,0,0,0
GS,2022,0,0,0
GS,2022,0,0,0
GS,2022,0,0,0
GS,2022,0,0,0
GS,2022,0,0,0
GS,2022,0,0,0
GS,2022,0,0,0
GS,2023,0,0,0
GS,2023,0,0,0
GS,2023,0,0,0
GS,2023,0,0,0
GS,2023,0,0,0
GS,2023,0,0,0
GS,2023,0,0,0
GS,2023,0,0,0
GS,2023,0,0,0
GS,2023,0,0,0
GS,2023,0,0,0
GS,2023,0,0,0
GS,2023,0,0,0
GS,2023,0,0,0
GS,2023,0,0,0
GS,2023,0,0,0
GS,2023,0,0,0
GS,2023,0,0,0
GS,2023,0,0,0
GS,2023,0,0,0
GS,2023,0,0,0
GS,2023,0,0,0
GS,2023,0,0,0
GS,2023,0,0,0
GS,2023,0,0,0
GS,2023,0,0,0
GS,2023,0,0,0
HD,2019,0,0,0
HD,2019,0,0,0
HD,2019,0,0,0
HD,2019,0,0,0
HD,2019,0,0,0
HD,2019,0,0,0
HD,2019,0,0,0
HD,2019,0,0,0
HD,2019,0,0,0
HD,2019,0,0,0
HD,2019,0,0,0
HD,2019,0,0,0
HD,2019,0,0,0
HD,2019,0,0,0
HD,2019,0,0,0
HD,2019,0,0,0
HD,2019,0,0,0
HD,2019,0,0,0
HD,2019,0,0,0
HD,2019,0,0,0
HD,2019,0,0,0
HD,2019,0,0,0
HD,2019,0,0,0
HD,2019,0,0,0
HD,2019,0,0,0
HD,2019,0,0,0
HD,2019,0,0,0
HD,2019,0,0,0
HD,2019,0,0,0
HD,2019,0,0,0
HD,2020,0,0,0
HD,2020,0,0,0
HD,2020,0,0,0
HD,2020,0,0,0
HD,2020,0,0,0
HD,2020,0,0,0
HD,2020,0,0,0
HD,2020,0,0,0
HD,2020,0,0,0
HD,2020,0,0,0
HD,2020,0,0,0
HD,2020,0,0,0
HD,2020,0,0,0
HD,2020,0,0,0
HD,2020,0,0,0
HD,2020,0,0,0
HD,2020,0,0,0
HD,2020,0,0,0
HD,2020,0,0,0
HD,2020,0,0,0
HD,2020,0,0,0
HD,2020,0,0,0
HD,2020,0,0,0
HD,2020,0,0,0
HD,2020,0,0,0
HD,2020,0,0,0
HD,2020,0,0,0
HD,2020,0,0,0
HD,2020,0,0,0
HD,2020,0,0,0
HD,2021,0,0,0
HD,2021,0,0,0
HD,2021,0,0,0
HD,2021,0,0,0
HD,2021,0,0,0
HD,2021,0,0,0
HD,2021,0,0,0
HD,2021,0,0,0
HD,2021,0,0,0
HD,2021,0,0,0
HD,2021,0,0,0
HD,2021,0,0,0
HD,2021,0,0,0
HD,2021,0,0,0
HD,2021,0,0,0
HD,2021,0,0,0
HD,2021,0,0,0
HD,2021,0,0,0
HD,2021,0,0,0
HD,2021,0,0,0
HD,2021,0,0,0
HD,2021,0,0,0
HD,2021,0,0,0
HD,2021,0,0,0
HD,2021,0,0,0
HD,2021,0,0,0
HD,2021,0,0,0
HD,2021,0,0,0
HD,2021,0,0,0
HD,2021,0,0,0
HD,2022,0,0,0
HD,2022,0,0,0
HD,2022,0,0,0
HD,2022,0,0,0
HD,2022,0,0,0
HD,2022,0,0,0
HD,2022,0,0,0
HD,2022,0,0,0
HD,2022,0,0,0
HD,2022,0,0,0
HD,2022,0,0,0
HD,2022,0,0,0
HD,2022,0,0,0
HD,2022,0,0,0
HD,2022,0,0,0
HD,2022,0,0,0
HD,2022,0,0,0
HD,2022,0,0,0
HD,2022,0,0,0
HD,2022,0,0,0
HD,2022,0,0,0
HD,2022,0,0,0
HD,2022,0,0,0
HD,2022,0,0,0
HD,2022,0,0,0
HD,2022,0,0,0
HD,2022,0,0,0
HD,2022,0,0,0
HD,2022,0,0,0
HD,2022,0,0,0
HD,2023,0,0,0
HD,2023,0,0,0
HD,2023,0,0,0
HD,2023,0,0,0
HD,2023,0,0,0
HD,2023,0,0,0
HD,2023,0,0,0
HD,2023,0,0,0
HD,2023,0,0,0
HD,2023,0,0,0
HD,2023,0,0,0
HD,2023,0,0,0
HD,2023,0,0,0
HD,2023,0,0,0
HD,2023,0,0,0
HD,2023,0,0,0
HD,2023,0,0,0
HD,2023,0,0,0
HD,2023,0,0,0
HD,2023,0,0,0
HD,2023,0,0,0
HD,2023,0,0,0
HD,2023,0,0,0
HD,2023,0,0,0
HD,2023,0,0,0
HD,2023,0,0,0
HD,2023,0,0,0
HD,2023,0,0,0
HD,2023,0,0,0
HD,2023,0,0,0
HON,2019,0,0,0
HON,2019,0,0,0
HON,2019,0,0,0
HON,2019,0,0,0
HON,2019,0,0,0
HON,2019,0,0,0
HON,2019,0,0,0
HON,2019,0,0,0
HON,2019,0,0,0
HON,2019,0,0,0
HON,2019,0,0,0
HON,2019,0,0,0
HON,2019,0,0,0
HON,2019,0,0,0
HON,2019,0,0,0
HON,2019,0,0,0
HON,2019,0,0,0
HON,2019,0,0,0
HON,2019,0,0,0
HON,2019,0,0,0
HON,2019,0,0,0
HON,2019,0,0,0
HON,2019,0,0,0
HON,2019,0,0,0
HON,2019,0,0,0
HON,2019,0,0,0
HON,2019,0,0,0
HON,2019,0,0,0
HON,2019,0,0,0
HON,2019,0,0,0
HON,2019,0,0,0
HON,2019,0,0,0
HON,2020,0,0,0
HON,2020,0,0,0
HON,2020,0,0,0
HON,2020,0,0,0
HON,2020,0,0,0
HON,2020,0,0,0
HON,2020,0,0,0
HON,2020,0,0,0
HON,2020,0,0,0
HON,2020,0,0,0
HON,2020,0,0,0
HON,2020,0,0,0
HON,2020,0,0,0
HON,2020,0,0,0
HON,2020,0,0,0
HON,2020,0,0,0
HON,2020,0,0,0
HON,2020,0,0,0
HON,2020,0,0,0
HON,2020,0,0,0
HON,2020,0,0,0
HON,2020,0,0,0
HON,2020,0,0,0
HON,2020,0,0,0
HON,2020,0,0,0
HON,2020,0,0,0
HON,2020,0,0,0
HON,2020,0,0,0
HON,2020,0,0,0
HON,2020,0,0,0
HON,2020,0,0,0
HON,2020,0,0,0
HON,2021,0,0,0
HON,2021,0,0,0
HON,2021,0,0,0
HON,2021,0,0,0
HON,2021,0,0,0
HON,2021,0,0,0
HON,2021,0,0,0
HON,2021,0,0,0
HON,2021,0,0,0
HON,2021,0,0,0
HON,2021,0,0,0
HON,2021,0,0,0
HON,2021,0,0,0
HON,2021,0,0,0
HON,2021,0,0,0
HON,2021,0,0,0
HON,2021,0,0,0
HON,2021,0,0,0
HON,2021,0,0,0
HON,2021,0,0,0
HON,2021,0,0,0
HON,2021,0,0,0
HON,2021,0,0,0
HON,2021,0,0,0
HON,2021,0,0,0
HON,2021,0,0,0
HON,2021,0,0,0
HON,2021,0,0,0
HON,2021,0,0,0
HON,2021,0,0,0
HON,2021,0,0,0
HON,2021,0,0,0
HON,2022,0,0,0
HON,2022,0,0,0
HON,2022,0,0,0
HON,2022,0,0,0
HON,2022,0,0,0
HON,2022,0,0,0
HON,2022,0,0,0
HON,2022,0,0,0
HON,2022,0,0,0
HON,2022,0,0,0
HON,2022,0,0,0
HON,2022,0,0,0
HON,2022,0,0,0
HON,2022,0,0,0
HON,2022,0,0,0
HON,2022,0,0,0
HON,2022,0,0,0
HON,2022,0,0,0
HON,2022,0,0,0
HON,2022,0,0,0
HON,2022,0,0,0
HON,2022,0,0,0
HON,2022,0,0,0
HON,2022,0,0,0
HON,2022,0,0,0
HON,2022,0,0,0
HON,2022,0,0,0
HON,2022,0,0,0
HON,2022,0,0,0
HON,2022,0,0,0
HON,2022,0,0,0
HON,2022,0,0,0
HON,2023,0,0,0
HON,2023,0,0,0
HON,2023,0,0,0
HON,2023,0,0,0
HON,2023,0,0,0
HON,2023,0,0,0
HON,2023,0,0,0
HON,2023,0,0,0
HON,2023,0,0,0
HON,2023,0,0,0
HON,2023,0,0,0
HON,2023,0,0,0
HON,2023,0,0,0
HON,2023,0,0,0
HON,2023,0,0,0
HON,2023,0,0,0
HON,2023,0,0,0
HON,2023,0,0,0
HON,2023,0,0,0
HON,2023,0,0,0
HON,2023,0,0,0
HON,2023,0,0,0
HON,2023,0,0,0
HON,2023,0,0,0
HON,2023,0,0,0
HON,2023,0,0,0
HON,2023,0,0,0
HON,2023,0,0,0
HON,2023,0,0,0
HON,2023,0,0,0
HON,2023,0,0,0
HON,2023,0,0,0
HPE,2019,0,0,0
HPE,2019,0,0,0
HPE,2019,0,0,0
HPE,2019,0,0,0
HPE,2019,0,0,0
HPE,2019,0,0,0
HPE,2019,0,0,0
HPE,2019,0,0,0
HPE,2019,0,0,0
HPE,2020,0,0,0
HPE,2020,0,0,0
HPE,2020,0,0,0
HPE,2020,0,0,0
HPE,2020,0,0,0
HPE,2020,0,0,0
HPE,2020,0,0,0
HPE,2020,0,0,0
HPE,2020,0,0,0
HPE,2021,0,0,0
HPE,2021,0,0,0
HPE,2021,0,0,0
HPE,2021,0,0,0
HPE,2021,0,0,0
HPE,2021,0,0,0
HPE,2021,0,0,0
HPE,2021,0,0,0
HPE,2021,0,0,0
HPE,2022,0,0,0
HPE,2022,0,0,0
HPE,2022,0,0,0
HPE,2022,0,0,0
HPE,2022,0,0,0
HPE,2022,0,0,0
HPE,2022,0,0,0
HPE,2022,0,0,0
HPE,2022,0,0,0
HPE,2023,0,0,0
HPE,2023,0,0,0
HPE,2023,0,0,0
HPE,2023,0,0,0
HPE,2023,0,0,0
HPE,2023,0,0,0
HPE,2023,0,0,0
HPE,2023,0,0,0
HPE,2023,0,0,0
INTC,2019,0,0,0
INTC,2019,0,0,0
INTC,2019,0,0,0
INTC,2019,0,0,0
INTC,2019,0,0,0
INTC,2019,0,0,0
INTC,2019,0,0,0
INTC,2019,0,0,0
INTC,2019,0,0,0
INTC,2019,0,0,0
INTC,2019,0,0,0
INTC,2019,0,0,0
INTC,2019,0,0,0
INTC,2019,0,0,0
INTC,2019,0,0,0
INTC,2019,0,0,0
INTC,2019,0,0,0
INTC,2019,0,0,0
INTC,2019,0,0,0
INTC,2019,0,0,0
INTC,2019,0,0,0
INTC,2019,0,0,0
INTC,2019,0,0,0
INTC,2019,0,0,0
INTC,2019,0,0,0
INTC,2019,0,0,0
INTC,2019,0,0,0
INTC,2019,0,0,0
INTC,2019,0,0,0
INTC,2019,0,0,0
INTC,2019,0,0,0
INTC,2019,0,0,0
INTC,2020,0,0,0
INTC,2020,0,0,0
INTC,2020,0,0,0
INTC,2020,0,0,0
INTC,2020,0,0,0
INTC,2020,0,0,0
INTC,2020,0,0,0
INTC,2020,0,0,0
INTC,2020,0,0,0
INTC,2020,0,0,0
INTC,2020,0,0,0
INTC,2020,0,0,0
INTC,2020,0,0,0
INTC,2020,0,0,0
INTC,2020,0,0,0
INTC,2020,0,0,0
INTC,2020,0,0,0
INTC,2020,0,0,0
INTC,2020,0,0,0
INTC,2020,0,0,0
INTC,2020,0,0,0
INTC,2020,0,0,0
INTC,2020,0,0,0
INTC,2020,0,0,0
INTC,2020,0,0,0
INTC,2020,0,0,0
INTC,2020,0,0,0
INTC,2020,0,0,0
INTC,2020,0,0,0
INTC,2020,0,0,0
INTC,2020,0,0,0
INTC,2020,0,0,0
INTC,2021,0,0,0
INTC,2021,0,0,0
INTC,2021,0,0,0
INTC,2021,0,0,0
INTC,2021,0,0,0
INTC,2021,0,0,0
INTC,2021,0,0,0
INTC,2021,0,0,0
INTC,2021,0,0,0
INTC,2021,0,0,0
INTC,2021,0,0,0
INTC,2021,0,0,0
INTC,2021,0,0,0
INTC,2021,0,0,0
INTC,2021,0,0,0
INTC,2021,0,0,0
INTC,2021,0,0,0
INTC,2021,0,0,0
INTC,2021,0,0,0
INTC,2021,0,0,0
INTC,2021,0,0,0
INTC,2021,0,0,0
INTC,2021,0,0,0
INTC,2021,0,0,0
INTC,2021,0,0,0
INTC,2021,0,0,0
INTC,2021,0,0,0
INTC,2021,0,0,0
INTC,2021,0,0,0
INTC,2021,0,0,0
INTC,2021,0,0,0
INTC,2021,0,0,0
INTC,2022,0,0,0
INTC,2022,0,0,0
INTC,2022,0,0,0
INTC,2022,0,0,0
INTC,2022,0,0,0
INTC,2022,0,0,0
INTC,2022,0,0,0
INTC,2022,0,0,0
INTC,2022,0,0,0
INTC,2022,0,0,0
INTC,2022,0,0,0
INTC,2022,0,0,0
INTC,2022,0,0,0
INTC,2022,0,0,0
INTC,2022,0,0,0
INTC,2022,0,0,0
INTC,2022,0,0,0
INTC,2022,0,0,0
INTC,2022,0,0,0
INTC,2022,0,0,0
INTC,2022,0,0,0
INTC,2022,0,0,0
INTC,2022,0,0,0
INTC,2022,0,0,0
INTC,2022,0,0,0
INTC,2022,0,0,0
INTC,2022,0,0,0
INTC,2022,0,0,0
INTC,2022,0,0,0
INTC,2022,0,0,0
INTC,2022,0,0,0
INTC,2022,0,0,0
INTC,2023,0,0,0
INTC,2023,0,0,0
INTC,2023,0,0,0
INTC,2023,0,0,0
INTC,2023,0,0,0
INTC,2023,0,0,0
INTC,2023,0,0,0
INTC,2023,0,0,0
INTC,2023,0,0,0
INTC,2023,0,0,0
INTC,2023,0,0,0
INTC,2023,0,0,0
INTC,2023,0,0,0
INTC,2023,0,0,0
INTC,2023,0,0,0
INTC,2023,0,0,0
INTC,2023,0,0,0
INTC,2023,0,0,0
INTC,2023,0,0,0
INTC,2023,0,0,0
INTC,2023,0,0,0
INTC,2023,0,0,0
INTC,2023,0,0,0
INTC,2023,0,0,0
INTC,2023,0,0,0
INTC,2023,0,0,0
INTC,2023,0,0,0
INTC,2023,0,0,0
INTC,2023,0,0,0
INTC,2023,0,0,0
INTC,2023,0,0,0
INTC,2023,0,0,0
INTU,2019,0,0,0
INTU,2019,0,0,0
INTU,2019,0,0,0
INTU,2019,0,0,0
INTU,2019,0,0,0
INTU,2019,0,0,0
INTU,2019,0,0,0
INTU,2019,0,0,0
INTU,2019,0,0,0
INTU,2019,0,0,0
INTU,2019,0,0,0
INTU,2019,0,0,0
INTU,2019,0,0,0
INTU,2019,0,0,0
INTU,2019,0,0,0
INTU,2019,0,0,0
INTU,2019,0,0,0
INTU,2019,0,0,0
INTU,2019,0,0,0
INTU,2019,0,0,0
INTU,2019,0,0,0
INTU,2019,0,0,0
INTU,2019,0,0,0
INTU,2019,0,0,0
INTU,2019,0,0,0
INTU,2019,0,0,0
INTU,2019,0,0,0
INTU,2019,0,0,0
INTU,2019,0,0,0
INTU,2020,0,0,0
INTU,2020,0,0,0
INTU,2020,0,0,0
INTU,2020,0,0,0
INTU,2020,0,0,0
INTU,2020,0,0,0
INTU,2020,0,0,0
INTU,2020,0,0,0
INTU,2020,0,0,0
INTU,2020,0,0,0
INTU,2020,0,0,0
INTU,2020,0,0,0
INTU,2020,0,0,0
INTU,2020,0,0,0
INTU,2020,0,0,0
INTU,2020,0,0,0
INTU,2020,0,0,0
INTU,2020,0,0,0
INTU,2020,0,0,0
INTU,2020,0,0,0
INTU,2020,0,0,0
INTU,2020,0,0,0
INTU,2020,0,0,0
INTU,2020,0,0,0
INTU,2020,0,0,0
INTU,2020,0,0,0
INTU,2020,0,0,0
INTU,2020,0,0,0
INTU,2020,0,0,0
INTU,2021,0,0,0
INTU,2021,0,0,0
INTU,2021,0,0,0
INTU,2021,0,0,0
INTU,2021,0,0,0
INTU,2021,0,0,0
INTU,2021,0,0,0
INTU,2021,0,0,0
INTU,2021,0,0,0
INTU,2021,0,0,0
INTU,2021,0,0,0
INTU,2021,0,0,0
INTU,2021,0,0,0
INTU,2021,0,0,0
INTU,2021,0,0,0
INTU,2021,0,0,0
INTU,2021,0,0,0
INTU,2021,0,0,0
INTU,2021,0,0,0
INTU,2021,0,0,0
INTU,2021,0,0,0
INTU,2021,0,0,0
INTU,2021,0,0,0
INTU,2021,0,0,0
INTU,2021,0,0,0
INTU,2021,0,0,0
INTU,2021,0,0,0
INTU,2021,0,0,0
INTU,2021,0,0,0
INTU,2022,0,0,0
INTU,2022,0,0,0
INTU,2022,0,0,0
INTU,2022,0,0,0
INTU,2022,0,0,0
INTU,2022,0,0,0
INTU,2022,0,0,0
INTU,2022,0,0,0
INTU,2022,0,0,0
INTU,2022,0,0,0
INTU,2022,0,0,0
INTU,2022,0,0,0
INTU,2022,0,0,0
INTU,2022,0,0,0
INTU,2022,0,0,0
INTU,2022,0,0,0
INTU,2022,0,0,0
INTU,2022,0,0,0
INTU,2022,0,0,0
INTU,2022,0,0,0
INTU,2022,0,0,0
INTU,2022,0,0,0
INTU,2022,0,0,0
INTU,2022,0,0,0
INTU,2022,0,0,0
INTU,2022,0,0,0
INTU,2022,0,0,0
INTU,2022,0,0,0
INTU,2022,0,0,0
INTU,2023,0,0,0
INTU,2023,0,0,0
INTU,2023,0,0,0
INTU,2023,0,0,0
INTU,2023,0,0,0
INTU,2023,0,0,0
INTU,2023,0,0,0
INTU,2023,0,0,0
INTU,2023,0,0,0
INTU,2023,0,0,0
INTU,2023,0,0,0
INTU,2023,0,0,0
INTU,2023,0,0,0
INTU,2023,0,0,0
INTU,2023,0,0,0
INTU,2023,0,0,0
INTU,2023,0,0,0
INTU,2023,0,0,0
INTU,2023,0,0,0
INTU,2023,0,0,0
INTU,2023,0,0,0
INTU,2023,0,0,0
INTU,2023,0,0,0
INTU,2023,0,0,0
INTU,2023,0,0,0
INTU,2023,0,0,0
INTU,2023,0,0,0
INTU,2023,0,0,0
INTU,2023,0,0,0
JNJ,2019,0,0,0
JNJ,2019,0,0,0
JNJ,2019,0,0,0
JNJ,2019,0,0,0
JNJ,2019,0,0,0
JNJ,2019,0,0,0
JNJ,2019,0,0,0
JNJ,2019,0,0,0
JNJ,2019,0,0,0
JNJ,2019,0,0,0
JNJ,2019,0,0,0
JNJ,2019,0,0,0
JNJ,2019,0,0,0
JNJ,2019,0,0,0
JNJ,2019,0,0,0
JNJ,2019,0,0,0
JNJ,2019,0,0,0
JNJ,2019,0,0,0
JNJ,2019,0,0,0
JNJ,2019,0,0,0
JNJ,2019,0,0,0
JNJ,2019,0,0,0
JNJ,2019,0,0,0
JNJ,2019,0,0,0
JNJ,2019,0,0,0
JNJ,2019,0,0,0
JNJ,2019,0,0,0
JNJ,2019,0,0,0
JNJ,2019,0,0,0
JNJ,2019,0,0,0
JNJ,2019,0,0,0
JNJ,2019,0,0,0
JNJ,2019,0,0,0
JNJ,2019,0,0,0
JNJ,2019,0,0,0
JNJ,2019,0,0,0
JNJ,2019,0,0,0
JNJ,2019,0,0,0
JNJ,2019,0,0,0
JNJ,2019,0,0,0
JNJ,2019,0,0,0
JNJ,2020,0,0,0
JNJ,2020,0,0,0
JNJ,2020,0,0,0
JNJ,2020,0,0,0
JNJ,2020,0,0,0
JNJ,2020,0,0,0
JNJ,2020,0,0,0
JNJ,2020,0,0,0
JNJ,2020,0,0,0
JNJ,2020,0,0,0
JNJ,2020,0,0,0
JNJ,2020,0,0,0
JNJ,2020,0,0,0
JNJ,2020,0,0,0
JNJ,2020,0,0,0
JNJ,2020,0,0,0
JNJ,2020,0,0,0
JNJ,2020,0,0,0
JNJ,2020,0,0,0
JNJ,2020,0,0,0
JNJ,2020,0,0,0
JNJ,2020,0,0,0
JNJ,2020,0,0,0
JNJ,2020,0,0,0
JNJ,2020,0,0,0
JNJ,2020,0,0,0
JNJ,2020,0,0,0
JNJ,2020,0,0,0
JNJ,2020,0,0,0
JNJ,2020,0,0,0
JNJ,2020,0,0,0
JNJ,2020,0,0,0
JNJ,2020,0,0,0
JNJ,2020,0,0,0
JNJ,2020,0,0,0
JNJ,2020,0,0,0
JNJ,2020,0,0,0
JNJ,2020,0,0,0
JNJ,2020,0,0,0
JNJ,2020,0,0,0
JNJ,2020,0,0,0
JNJ,2021,0,0,0
JNJ,2021,0,0,0
JNJ,2021,0,0,0
JNJ,2021,0,0,0
JNJ,2021,0,0,0
JNJ,2021,0,0,0
JNJ,2021,0,0,0
JNJ,2021,0,0,0
JNJ,2021,0,0,0
JNJ,2021,0,0,0
JNJ,2021,0,0,0
JNJ,2021,0,0,0
JNJ,2021,0,0,0
JNJ,2021,0,0,0
JNJ,2021,0,0,0
JNJ,2021,0,0,0
JNJ,2021,0,0,0
JNJ,2021,0,0,0
JNJ,2021,0,0,0
JNJ,2021,0,0,0
JNJ,2021,0,0,0
JNJ,2021,0,0,0
JNJ,2021,0,0,0
JNJ,2021,0,0,0
JNJ,2021,0,0,0
JNJ,2021,0,0,0
JNJ,2021,0,0,0
JNJ,2021,0,0,0
JNJ,2021,0,0,0
JNJ,2021,0,0,0
JNJ,2021,0,0,0
JNJ,2021,0,0,0
JNJ,2021,0,0,0
JNJ,2021,0,0,0
JNJ,2021,0,0,0
JNJ,2021,0,0,0
JNJ,2021,0,0,0
JNJ,2021,0,0,0
JNJ,2021,0,0,0
JNJ,2021,0,0,0
JNJ,2021,0,0,0
JNJ,2022,0,0,0
JNJ,2022,0,0,0
JNJ,2022,0,0,0
JNJ,2022,0,0,0
JNJ,2022,0,0,0
JNJ,2022,0,0,0
JNJ,2022,0,0,0
JNJ,2022,0,0,0
JNJ,2022,0,0,0
JNJ,2022,0,0,0
JNJ,2022,0,0,0
JNJ,2022,0,0,0
JNJ,2022,0,0,0
JNJ,2022,0,0,0
JNJ,2022,0,0,0
JNJ,2022,0,0,0
JNJ,2022,0,0,0
JNJ,2022,0,0,0
JNJ,2022,0,0,0
JNJ,2022,0,0,0
JNJ,2022,0,0,0
JNJ,2022,0,0,0
JNJ,2022,0,0,0
JNJ,2022,0,0,0
JNJ,2022,0,0,0
JNJ,2022,0,0,0
JNJ,2022,0,0,0
JNJ,2022,0,0,0
JNJ,2022,0,0,0
JNJ,2022,0,0,0
JNJ,2022,0,0,0
JNJ,2022,0,0,0
JNJ,2022,0,0,0
JNJ,2022,0,0,0
JNJ,2022,0,0,0
JNJ,2022,0,0,0
JNJ,2022,0,0,0
JNJ,2022,0,0,0
JNJ,2022,0,0,0
JNJ,2022,0,0,0
JNJ,2022,0,0,0
JNJ,2023,0,0,0
JNJ,2023,0,0,0
JNJ,2023,0,0,0
JNJ,2023,0,0,0
JNJ,2023,0,0,0
JNJ,2023,0,0,0
JNJ,2023,0,0,0
JNJ,2023,0,0,0
JNJ,2023,0,0,0
JNJ,2023,0,0,0
JNJ,2023,0,0,0
JNJ,2023,0,0,0
JNJ,2023,0,0,0
JNJ,2023,0,0,0
JNJ,2023,0,0,0
JNJ,2023,0,0,0
JNJ,2023,0,0,0
JNJ,2023,0,0,0
JNJ,2023,0,0,0
JNJ,2023,0,0,0
JNJ,2023,0,0,0
JNJ,2023,0,0,0
JNJ,2023,0,0,0
JNJ,2023,0,0,0
JNJ,2023,0,0,0
JNJ,2023,0,0,0
JNJ,2023,0,0,0
JNJ,2023,0,0,0
JNJ,2023,0,0,0
JNJ,2023,0,0,0
JNJ,2023,0,0,0
JNJ,2023,0,0,0
JNJ,2023,0,0,0
JNJ,2023,0,0,0
JNJ,2023,0,0,0
JNJ,2023,0,0,0
JNJ,2023,0,0,0
JNJ,2023,0,0,0
JNJ,2023,0,0,0
JNJ,2023,0,0,0
JNJ,2023,0,0,0
JPM,2019,0,0,0
JPM,2019,0,0,0
JPM,2019,0,0,0
JPM,2019,0,0,0
JPM,2019,0,0,0
JPM,2019,0,0,0
JPM,2019,0,0,0
JPM,2019,0,0,0
JPM,2019,0,0,0
JPM,2019,0,0,0
JPM,2019,0,0,0
JPM,2019,0,0,0
JPM,2019,0,0,0
JPM,2019,0,0,0
JPM,2019,0,0,0
JPM,2019,0,0,0
JPM,2019,0,0,0
JPM,2019,0,0,0
JPM,2019,0,0,0
JPM,2019,0,0,0
JPM,2019,0,0,0
JPM,2019,0,0,0
JPM,2019,0,0,0
JPM,2019,0,0,0
JPM,2019,0,0,0
JPM,2019,0,0,0
JPM,2019,0,0,0
JPM,2019,0,0,0
JPM,2019,0,0,0
JPM,2019,0,0,0
JPM,2019,0,0,0
JPM,2019,0,0,0
JPM,2019,0,0,0
JPM,2019,0,0,0
JPM,2019,0,0,0
JPM,2019,0,0,0
JPM,2019,0,0,0
JPM,2019,0,0,0
JPM,2019,0,0,0
JPM,2019,0,0,0
JPM,2019,0,0,0
JPM,2020,0,0,0
JPM,2020,0,0,0
JPM,2020,0,0,0
JPM,2020,0,0,0
JPM,2020,0,0,0
JPM,2020,0,0,0
JPM,2020,0,0,0
JPM,2020,0,0,0
JPM,2020,0,0,0
JPM,2020,0,0,0
JPM,2020,0,0,0
JPM,2020,0,0,0
JPM,2020,0,0,0
JPM,2020,0,0,0
JPM,2020,0,0,0
JPM,2020,0,0,0
JPM,2020,0,0,0
JPM,2020,0,0,0
JPM,2020,0,0,0
JPM,2020,0,0,0
JPM,2020,0,0,0
JPM,2020,0,0,0
JPM,2020,0,0,0
JPM,2020,0,0,0
JPM,2020,0,0,0
JPM,2020,0,0,0
JPM,2020,0,0,0
JPM,2020,0,0,0
JPM,2020,0,0,0
JPM,2020,0,0,0
JPM,2020,0,0,0
JPM,2020,0,0,0
JPM,2020,0,0,0
JPM,2020,0,0,0
JPM,2020,0,0,0
JPM,2020,0,0,0
JPM,2020,0,0,0
JPM,2020,0,0,0
JPM,2020,0,0,0
JPM,2020,0,0,0
JPM,2020,0,0,0
JPM,2021,0,0,0
JPM,2021,0,0,0
JPM,2021,0,0,0
JPM,2021,0,0,0
JPM,2021,0,0,0
JPM,2021,0,0,0
JPM,2021,0,0,0
JPM,2021,0,0,0
JPM,2021,0,0,0
JPM,2021,0,0,0
JPM,2021,0,0,0
JPM,2021,0,0,0
JPM,2021,0,0,0
JPM,2021,0,0,0
JPM,2021,0,0,0
JPM,2021,0,0,0
JPM,2021,0,0,0
JPM,2021,0,0,0
JPM,2021,0,0,0
JPM,2021,0,0,0
JPM,2021,0,0,0
JPM,2021,0,0,0
JPM,2021,0,0,0
JPM,2021,0,0,0
JPM,2021,0,0,0
JPM,2021,0,0,0
JPM,2021,0,0,0
JPM,2021,0,0,0
JPM,2021,0,0,0
JPM,2021,0,0,0
JPM,2021,0,0,0
JPM,2021,0,0,0
JPM,2021,0,0,0
JPM,2021,0,0,0
JPM,2021,0,0,0
JPM,2021,0,0,0
JPM,2021,0,0,0
JPM,2021,0,0,0
JPM,2021,0,0,0
JPM,2021,0,0,0
JPM,2021,0,0,0
JPM,2022,0,0,0
JPM,2022,0,0,0
JPM,2022,0,0,0
JPM,2022,0,0,0
JPM,2022,0,0,0
JPM,2022,0,0,0
JPM,2022,0,0,0
JPM,2022,0,0,0
JPM,2022,0,0,0
JPM,2022,0,0,0
JPM,2022,0,0,0
JPM,2022,0,0,0
JPM,2022,0,0,0
JPM,2022,0,0,0
JPM,2022,0,0,0
JPM,2022,0,0,0
JPM,2022,0,0,0
JPM,2022,0,0,0
JPM,2022,0,0,0
JPM,2022,0,0,0
JPM,2022,0,0,0
JPM,2022,0,0,0
JPM,2022,0,0,0
JPM,2022,0,0,0
JPM,2022,0,0,0
JPM,2022,0,0,0
JPM,2022,0,0,0
JPM,2022,0,0,0
JPM,2022,0,0,0
JPM,2022,0,0,0
JPM,2022,0,0,0
JPM,2022,0,0,0
JPM,2022,0,0,0
JPM,2022,0,0,0
JPM,2022,0,0,0
JPM,2022,0,0,0
JPM,2022,0,0,0
JPM,2022,0,0,0
JPM,2022,0,0,0
JPM,2022,0,0,0
JPM,2022,0,0,0
JPM,2023,0,0,0
JPM,2023,0,0,0
JPM,2023,0,0,0
JPM,2023,0,0,0
JPM,2023,0,0,0
JPM,2023,0,0,0
JPM,2023,0,0,0
JPM,2023,0,0,0
JPM,2023,0,0,0
JPM,2023,0,0,0
JPM,2023,0,0,0
JPM,2023,0,0,0
JPM,2023,0,0,0
JPM,2023,0,0,0
JPM,2023,0,0,0
JPM,2023,0,0,0
JPM,2023,0,0,0
JPM,2023,0,0,0
JPM,2023,0,0,0
JPM,2023,0,0,0
JPM,2023,0,0,0
JPM,2023,0,0,0
JPM,2023,0,0,0
JPM,2023,0,0,0
JPM,2023,0,0,0
JPM,2023,0,0,0
JPM,2023,0,0,0
JPM,2023,0,0,0
JPM,2023,0,0,0
JPM,2023,0,0,0
JPM,2023,0,0,0
JPM,2023,0,0,0
JPM,2023,0,0,0
JPM,2023,0,0,0
JPM,2023,0,0,0
JPM,2023,0,0,0
JPM,2023,0,0,0
JPM,2023,0,0,0
JPM,2023,0,0,0
JPM,2023,0,0,0
JPM,2023,0,0,0
KFY,2019,0,0,0
KFY,2019,0,0,0
KFY,2019,0,0,0
KFY,2019,0,0,0
KFY,2019,0,0,0
KFY,2019,0,0,0
KFY,2019,0,0,0
KFY,2019,0,0,0
KFY,2019,0,0,0
KFY,2019,0,0,0
KFY,2019,0,0,0
KFY,2019,0,0,0
KFY,2019,0,0,0
KFY,2019,0,0,0
KFY,2019,0,0,0
KFY,2019,0,0,0
KFY,2019,0,0,0
KFY,2019,0,0,0
KFY,2019,0,0,0
KFY,2019,0,0,0
KFY,2019,0,0,0
KFY,2019,0,0,0
KFY,2019,0,0,0
KFY,2019,0,0,0
KFY,2019,0,0,0
KFY,2019,0,0,0
KFY,2019,0,0,0
KFY,2020,0,0,0
KFY,2020,0,0,0
KFY,2020,0,0,0
KFY,2020,0,0,0
KFY,2020,0,0,0
KFY,2020,0,0,0
KFY,2020,0,0,0
KFY,2020,0,0,0
KFY,2020,0,0,0
KFY,2020,0,0,0
KFY,2020,0,0,0
KFY,2020,0,0,0
KFY,2020,0,0,0
KFY,2020,0,0,0
KFY,2020,0,0,0
KFY,2020,0,0,0
KFY,2020,0,0,0
KFY,2020,0,0,0
KFY,2020,0,0,0
KFY,2020,0,0,0
KFY,2020,0,0,0
KFY,2020,0,0,0
KFY,2020,0,0,0
KFY,2020,0,0,0
KFY,2020,0,0,0
KFY,2020,0,0,0
KFY,2020,0,0,0
KFY,2021,0,0,0
KFY,2021,0,0,0
KFY,2021,0,0,0
KFY,2021,0,0,0
KFY,2021,0,0,0
KFY,2021,0,0,0
KFY,2021,0,0,0
KFY,2021,0,0,0
KFY,2021,0,0,0
KFY,2021,0,0,0
KFY,2021,0,0,0
KFY,2021,0,0,0
KFY,2021,0,0,0
KFY,2021,0,0,0
KFY,2021,0,0,0
KFY,2021,0,0,0
KFY,2021,0,0,0
KFY,2021,0,0,0
KFY,2021,0,0,0
KFY,2021,0,0,0
KFY,2021,0,0,0
KFY,2021,0,0,0
KFY,2021,0,0,0
KFY,2021,0,0,0
KFY,2021,0,0,0
KFY,2021,0,0,0
KFY,2021,0,0,0
KFY,2022,0,0,0
KFY,2022,0,0,0
KFY,2022,0,0,0
KFY,2022,0,0,0
KFY,2022,0,0,0
KFY,2022,0,0,0
KFY,2022,0,0,0
KFY,2022,0,0,0
KFY,2022,0,0,0
KFY,2022,0,0,0
KFY,2022,0,0,0
KFY,2022,0,0,0
KFY,2022,0,0,0
KFY,2022,0,0,0
KFY,2022,0,0,0
KFY,2022,0,0,0
KFY,2022,0,0,0
KFY,2022,0,0,0
KFY,2022,0,0,0
KFY,2022,0,0,0
KFY,2022,0,0,0
KFY,2022,0,0,0
KFY,2022,0,0,0
KFY,2022,0,0,0
KFY,2022,0,0,0
KFY,2022,0,0,0
KFY,2022,0,0,0
KFY,2023,0,0,0
KFY,2023,0,0,0
KFY,2023,0,0,0
KFY,2023,0,0,0
KFY,2023,0,0,0
KFY,2023,0,0,0
KFY,2023,0,0,0
KFY,2023,0,0,0
KFY,2023,0,0,0
KFY,2023,0,0,0
KFY,2023,0,0,0
KFY,2023,0,0,0
KFY,2023,0,0,0
KFY,2023,0,0,0
KFY,2023,0,0,0
KFY,2023,0,0,0
KFY,2023,0,0,0
KFY,2023,0,0,0
KFY,2023,0,0,0
KFY,2023,0,0,0
KFY,2023,0,0,0
KFY,2023,0,0,0
KFY,2023,0,0,0
KFY,2023,0,0,0
KFY,2023,0,0,0
KFY,2023,0,0,0
KFY,2023,0,0,0
KO,2019,0,0,0
KO,2019,0,0,0
KO,2019,0,0,0
KO,2019,0,0,0
KO,2019,0,0,0
KO,2019,0,0,0
KO,2019,0,0,0
KO,2019,0,0,0
KO,2019,0,0,0
KO,2019,0,0,0
KO,2019,0,0,0
KO,2019,0,0,0
KO,2019,0,0,0
KO,2019,0,0,0
KO,2019,0,0,0
KO,2019,0,0,0
KO,2019,0,0,0
KO,2019,0,0,0
KO,2019,0,0,0
KO,2019,0,0,0
KO,2019,0,0,0
KO,2019,0,0,0
KO,2019,0,0,0
KO,2019,0,0,0
KO,2019,0,0,0
KO,2019,0,0,0
KO,2019,0,0,0
KO,2019,0,0,0
KO,2019,0,0,0
KO,2019,0,0,0
KO,2019,0,0,0
KO,2019,0,0,0
KO,2020,0,0,0
KO,2020,0,0,0
KO,2020,0,0,0
KO,2020,0,0,0
KO,2020,0,0,0
KO,2020,0,0,0
KO,2020,0,0,0
KO,2020,0,0,0
KO,2020,0,0,0
KO,2020,0,0,0
KO,2020,0,0,0
KO,2020,0,0,0
KO,2020,0,0,0
KO,2020,0,0,0
KO,2020,0,0,0
KO,2020,0,0,0
KO,2020,0,0,0
KO,2020,0,0,0
KO,2020,0,0,0
KO,2020,0,0,0
KO,2020,0,0,0
KO,2020,0,0,0
KO,2020,0,0,0
KO,2020,0,0,0
KO,2020,0,0,0
KO,2020,0,0,0
KO,2020,0,0,0
KO,2020,0,0,0
KO,2020,0,0,0
KO,2020,0,0,0
KO,2020,0,0,0
KO,2020,0,0,0
KO,2021,0,0,0
KO,2021,0,0,0
KO,2021,0,0,0
KO,2021,0,0,0
KO,2021,0,0,0
KO,2021,0,0,0
KO,2021,0,0,0
KO,2021,0,0,0
KO,2021,0,0,0
KO,2021,0,0,0
KO,2021,0,0,0
KO,2021,0,0,0
KO,2021,0,0,0
KO,2021,0,0,0
KO,2021,0,0,0
KO,2021,0,0,0
KO,2021,0,0,0
KO,2021,0,0,0
KO,2021,0,0,0
KO,2021,0,0,0
KO,2021,0,0,0
KO,2021,0,0,0
KO,2021,0,0,0
KO,2021,0,0,0
KO,2021,0,0,0
KO,2021,0,0,0
KO,2021,0,0,0
KO,2021,0,0,0
KO,2021,0,0,0
KO,2021,0,0,0
KO,2021,0,0,0
KO,2021,0,0,0
KO,2022,0,0,0
KO,2022,0,0,0
KO,2022,0,0,0
KO,2022,0,0,0
KO,2022,0,0,0
KO,2022,0,0,0
KO,2022,0,0,0
KO,2022,0,0,0
KO,2022,0,0,0
KO,2022,0,0,0
KO,2022,0,0,0
KO,2022,0,0,0
KO,2022,0,0,0
KO,2022,0,0,0
KO,2022,0,0,0
KO,2022,0,0,0
KO,2022,0,0,0
KO,2022,0,0,0
KO,2022,0,0,0
KO,2022,0,0,0
KO,2022,0,0,0
KO,2022,0,0,0
KO,2022,0,0,0
KO,2022,0,0,0
KO,2022,0,0,0
KO,2022,0,0,0
KO,2022,0,0,0
KO,2022,0,0,0
KO,2022,0,0,0
KO,2022,0,0,0
KO,2022,0,0,0
KO,2022,0,0,0
KO,2023,0,0,0
KO,2023,0,0,0
KO,2023,0,0,0
KO,2023,0,0,0
KO,2023,0,0,0
KO,2023,0,0,0
KO,2023,0,0,0
KO,2023,0,0,0
KO,2023,0,0,0
KO,2023,0,0,0
KO,2023,0,0,0
KO,2023,0,0,0
KO,2023,0,0,0
KO,2023,0,0,0
KO,2023,0,0,0
KO,2023,0,0,0
KO,2023,0,0,0
KO,2023,0,0,0
KO,2023,0,0,0
KO,2023,0,0,0
KO,2023,0,0,0
KO,2023,0,0,0
KO,2023,0,0,0
KO,2023,0,0,0
KO,2023,0,0,0
KO,2023,0,0,0
KO,2023,0,0,0
KO,2023,0,0,0
KO,2023,0,0,0
KO,2023,0,0,0
KO,2023,0,0,0
KO,2023,0,0,0
MCD,2019,0,0,0
MCD,2019,0,0,0
MCD,2019,0,0,0
MCD,2019,0,0,0
MCD,2019,0,0,0
MCD,2019,0,0,0
MCD,2019,0,0,0
MCD,2019,0,0,0
MCD,2019,0,0,0
MCD,2019,0,0,0
MCD,2019,0,0,0
MCD,2019,0,0,0
MCD,2019,0,0,0
MCD,2019,0,0,0
MCD,2019,0,0,0
MCD,2019,0,0,0
MCD,2019,0,0,0
MCD,2019,0,0,0
MCD,2019,0,0,0
MCD,2019,0,0,0
MCD,2019,0,0,0
MCD,2019,0,0,0
MCD,2019,0,0,0
MCD,2019,0,0,0
MCD,2019,0,0,0
MCD,2019,0,0,0
MCD,2019,0,0,0
MCD,2019,0,0,0
MCD,2019,0,0,0
MCD,2019,0,0,0
MCD,2019,0,0,0
MCD,2019,0,0,0
MCD,2019,0,0,0
MCD,2020,0,0,0
MCD,2020,0,0,0
MCD,2020,0,0,0
MCD,2020,0,0,0
MCD,2020,0,0,0
MCD,2020,0,0,0
MCD,2020,0,0,0
MCD,2020,0,0,0
MCD,2020,0,0,0
MCD,2020,0,0,0
MCD,2020,0,0,0
MCD,2020,0,0,0
MCD,2020,0,0,0
MCD,2020,0,0,0
MCD,2020,0,0,0
MCD,2020,0,0,0
MCD,2020,0,0,0
MCD,2020,0,0,0
MCD,2020,0,0,0
MCD,2020,0,0,0
MCD,2020,0,0,0
MCD,2020,0,0,0
MCD,2020,0,0,0
MCD,2020,0,0,0
MCD,2020,0,0,0
MCD,2020,0,0,0
MCD,2020,0,0,0
MCD,2020,0,0,0
MCD,2020,0,0,0
MCD,2020,0,0,0
MCD,2020,0,0,0
MCD,2020,0,0,0
MCD,2020,0,0,0
MCD,2021,0,0,0
MCD,2021,0,0,0
MCD,2021,0,0,0
MCD,2021,0,0,0
MCD,2021,0,0,0
MCD,2021,0,0,0
MCD,2021,0,0,0
MCD,2021,0,0,0
MCD,2021,0,0,0
MCD,2021,0,0,0
MCD,2021,0,0,0
MCD,2021,0,0,0
MCD,2021,0,0,0
MCD,2021,0,0,0
MCD,2021,0,0,0
MCD,2021,0,0,0
MCD,2021,0,0,0
MCD,2021,0,0,0
MCD,2021,0,0,0
MCD,2021,0,0,0
MCD,2021,0,0,0
MCD,2021,0,0,0
MCD,2021,0,0,0
MCD,2021,0,0,0
MCD,2021,0,0,0
MCD,2021,0,0,0
MCD,2021,0,0,0
MCD,2021,0,0,0
MCD,2021,0,0,0
MCD,2021,0,0,0
MCD,2021,0,0,0
MCD,2021,0,0,0
MCD,2021,0,0,0
MCD,2022,0,0,0
MCD,2022,0,0,0
MCD,2022,0,0,0
MCD,2022,0,0,0
MCD,2022,0,0,0
MCD,2022,0,0,0
MCD,2022,0,0,0
MCD,2022,0,0,0
MCD,2022,0,0,0
MCD,2022,0,0,0
MCD,2022,0,0,0
MCD,2022,0,0,0
MCD,2022,0,0,0
MCD,2022,0,0,0
MCD,2022,0,0,0
MCD,2022,0,0,0
MCD,2022,0,0,0
MCD,2022,0,0,0
MCD,2022,0,0,0
MCD,2022,0,0,0
MCD,2022,0,0,0
MCD,2022,0,0,0
MCD,2022,0,0,0
MCD,2022,0,0,0
MCD,2022,0,0,0
MCD,2022,0,0,0
MCD,2022,0,0,0
MCD,2022,0,0,0
MCD,2022,0,0,0
MCD,2022,0,0,0
MCD,2022,0,0,0
MCD,2022,0,0,0
MCD,2022,0,0,0
MCD,2023,0,0,0
MCD,2023,0,0,0
MCD,2023,0,0,0
MCD,2023,0,0,0
MCD,2023,0,0,0
MCD,2023,0,0,0
MCD,2023,0,0,0
MCD,2023,0,0,0
MCD,2023,0,0,0
MCD,2023,0,0,0
MCD,2023,0,0,0
MCD,2023,0,0,0
MCD,2023,0,0,0
MCD,2023,0,0,0
MCD,2023,0,0,0
MCD,2023,0,0,0
MCD,2023,0,0,0
MCD,2023,0,0,0
MCD,2023,0,0,0
MCD,2023,0,0,0
MCD,2023,0,0,0
MCD,2023,0,0,0
MCD,2023,0,0,0
MCD,2023,0,0,0
MCD,2023,0,0,0
MCD,2023,0,0,0
MCD,2023,0,0,0
MCD,2023,0,0,0
MCD,2023,0,0,0
MCD,2023,0,0,0
MCD,2023,0,0,0
MCD,2023,0,0,0
MCD,2023,0,0,0
META,2019,0,0,0
META,2019,0,0,0
META,2019,0,0,0
META,2019,0,0,0
META,2019,0,0,0
META,2019,0,0,0
META,2019,0,0,0
META,2019,0,0,0
META,2019,0,0,0
META,2019,0,0,0
META,2019,0,0,0
META,2019,0,0,0
META,2019,0,0,0
META,2019,0,0,0
META,2020,0,0,0
META,2020,0,0,0
META,2020,0,0,0
META,2020,0,0,0
META,2020,0,0,0
META,2020,0,0,0
META,2020,0,0,0
META,2020,0,0,0
META,2020,0,0,0
META,2020,0,0,0
META,2020,0,0,0
META,2020,0,0,0
META,2020,0,0,0
META,2020,0,0,0
META,2021,0,0,0
META,2021,0,0,0
META,2021,0,0,0
META,2021,0,0,0
META,2021,0,0,0
META,2021,0,0,0
META,2021,0,0,0
META,2021,0,0,0
META,2021,0,0,0
META,2021,0,0,0
META,2021,0,0,0
META,2021,0,0,0
META,2021,0,0,0
META,2021,0,0,0
META,2022,0,0,0
META,2022,0,0,0
META,2022,0,0,0
META,2022,0,0,0
META,2022,0,0,0
META,2022,0,0,0
META,2022,0,0,0
META,2022,0,0,0
META,2022,0,0,0
META,2022,0,0,0
META,2022,0,0,0
META,2022,0,0,0
META,2022,0,0,0
META,2022,0,0,0
META,2023,0,0,0
META,2023,0,0,0
META,2023,0,0,0
META,2023,0,0,0
META,2023,0,0,0
META,2023,0,0,0
META,2023,0,0,0
META,2023,0,0,0
META,2023,0,0,0
META,2023,0,0,0
META,2023,0,0,0
META,2023,0,0,0
META,2023,0,0,0
META,2023,0,0,0
MMM,2019,0,0,0
MMM,2019,0,0,0
MMM,2019,0,0,0
MMM,2019,0,0,0
MMM,2019,0,0,0
MMM,2019,0,0,0
MMM,2019,0,0,0
MMM,2019,0,0,0
MMM,2019,0,0,0
MMM,2019,0,0,0
MMM,2019,0,0,0
MMM,2019,0,0,0
MMM,2019,0,0,0
MMM,2019,0,0,0
MMM,2019,0,0,0
MMM,2019,0,0,0
MMM,2019,0,0,0
MMM,2019,0,0,0
MMM,2019,0,0,0
MMM,2019,0,0,0
MMM,2019,0,0,0
MMM,2019,0,0,0
MMM,2019,0,0,0
MMM,2019,0,0,0
MMM,2019,0,0,0
MMM,2019,0,0,0
MMM,2019,0,0,0
MMM,2019,0,0,0
MMM,2019,0,0,0
MMM,2019,0,0,0
MMM,2019,0,0,0
MMM,2019,0,0,0
MMM,2019,0,0,0
MMM,2019,0,0,0
MMM,2019,0,0,0
MMM,2020,0,0,0
MMM,2020,0,0,0
MMM,2020,0,0,0
MMM,2020,0,0,0
MMM,2020,0,0,0
MMM,2020,0,0,0
MMM,2020,0,0,0
MMM,2020,0,0,0
MMM,2020,0,0,0
MMM,2020,0,0,0
MMM,2020,0,0,0
MMM,2020,0,0,0
MMM,2020,0,0,0
MMM,2020,0,0,0
MMM,2020,0,0,0
MMM,2020,0,0,0
MMM,2020,0,0,0
MMM,2020,0,0,0
MMM,2020,0,0,0
MMM,2020,0,0,0
MMM,2020,0,0,0
MMM,2020,0,0,0
MMM,2020,0,0,0
MMM,2020,0,0,0
MMM,2020,0,0,0
MMM,2020,0,0,0
MMM,2020,0,0,0
MMM,2020,0,0,0
MMM,2020,0,0,0
MMM,2020,0,0,0
MMM,2020,0,0,0
MMM,2020,0,0,0
MMM,2020,0,0,0
MMM,2020,0,0,0
MMM,2020,0,0,0
MMM,2021,0,0,0
MMM,2021,0,0,0
MMM,2021,0,0,0
MMM,2021,0,0,0
MMM,2021,0,0,0
MMM,2021,0,0,0
MMM,2021,0,0,0
MMM,2021,0,0,0
MMM,2021,0,0,0
MMM,2021,0,0,0
MMM,2021,0,0,0
MMM,2021,0,0,0
MMM,2021,0,0,0
MMM,2021,0,0,0
MMM,2021,0,0,0
MMM,2021,0,0,0
MMM,2021,0,0,0
MMM,2021,0,0,0
MMM,2021,0,0,0
MMM,2021,0,0,0
MMM,2021,0,0,0
MMM,2021,0,0,0
MMM,2021,0,0,0
MMM,2021,0,0,0
MMM,2021,0,0,0
MMM,2021,0,0,0
MMM,2021,0,0,0
MMM,2021,0,0,0
MMM,2021,0,0,0
MMM,2021,0,0,0
MMM,2021,0,0,0
MMM,2021,0,0,0
MMM,2021,0,0,0
MMM,2021,0,0,0
MMM,2021,0,0,0
MMM,2022,0,0,0
MMM,2022,0,0,0
MMM,2022,0,0,0
MMM,2022,0,0,0
MMM,2022,0,0,0
MMM,2022,0,0,0
MMM,2022,0,0,0
MMM,2022,0,0,0
MMM,2022,0,0,0
MMM,2022,0,0,0
MMM,2022,0,0,0
MMM,2022,0,0,0
MMM,2022,0,0,0
MMM,2022,0,0,0
MMM,2022,0,0,0
MMM,2022,0,0,0
MMM,2022,0,0,0
MMM,2022,0,0,0
MMM,2022,0,0,0
MMM,2022,0,0,0
MMM,2022,0,0,0
MMM,2022,0,0,0
MMM,2022,0,0,0
MMM,2022,0,0,0
MMM,2022,0,0,0
MMM,2022,0,0,0
MMM,2022,0,0,0
MMM,2022,0,0,0
MMM,2022,0,0,0
MMM,2022,0,0,0
MMM,2022,0,0,0
MMM,2022,0,0,0
MMM,2022,0,0,0
MMM,2022,0,0,0
MMM,2022,0,0,0
MMM,2023,0,0,0
MMM,2023,0,0,0
MMM,2023,0,0,0
MMM,2023,0,0,0
MMM,2023,0,0,0
MMM,2023,0,0,0
MMM,2023,0,0,0
MMM,2023,0,0,0
MMM,2023,0,0,0
MMM,2023,0,0,0
MMM,2023,0,0,0
MMM,2023,0,0,0
MMM,2023,0,0,0
MMM,2023,0,0,0
MMM,2023,0,0,0
MMM,2023,0,0,0
MMM,2023,0,0,0
MMM,2023,0,0,0
MMM,2023,0,0,0
MMM,2023,0,0,0
MMM,2023,0,0,0
MMM,2023,0,0,0
MMM,2023,0,0,0
MMM,2023,0,0,0
MMM,2023,0,0,0
MMM,2023,0,0,0
MMM,2023,0,0,0
MMM,2023,0,0,0
MMM,2023,0,0,0
MMM,2023,0,0,0
MMM,2023,0,0,0
MMM,2023,0,0,0
MMM,2023,0,0,0
MMM,2023,0,0,0
MMM,2023,0,0,0
MRK,2019,0,0,0
MRK,2019,0,0,0
MRK,2019,0,0,0
MRK,2019,0,0,0
MRK,2019,0,0,0
MRK,2019,0,0,0
MRK,2019,0,0,0
MRK,2019,0,0,0
MRK,2019,0,0,0
MRK,2019,0,0,0
MRK,2019,0,0,0
MRK,2019,0,0,0
MRK,2019,0,0,0
MRK,2019,0,0,0
MRK,2019,0,0,0
MRK,2019,0,0,0
MRK,2019,0,0,0
MRK,2019,0,0,0
MRK,2019,0,0,0
MRK,2019,0,0,0
MRK,2019,0,0,0
MRK,2019,0,0,0
MRK,2019,0,0,0
MRK,2019,0,0,0
MRK,2019,0,0,0
MRK,2019,0,0,0
MRK,2019,0,0,0
MRK,2019,0,0,0
MRK,2019,0,0,0
MRK,2019,0,0,0
MRK,2019,0,0,0
MRK,2019,0,0,0
MRK,2019,0,0,0
MRK,2019,0,0,0
MRK,2019,0,0,0
MRK,2019,0,0,0
MRK,2019,0,0,0
MRK,2019,0,0,0
MRK,2020,0,0,0
MRK,2020,0,0,0
MRK,2020,0,0,0
MRK,2020,0,0,0
MRK,2020,0,0,0
MRK,2020,0,0,0
MRK,2020,0,0,0
MRK,2020,0,0,0
MRK,2020,0,0,0
MRK,2020,0,0,0
MRK,2020,0,0,0
MRK,2020,0,0,0
MRK,2020,0,0,0
MRK,2020,0,0,0
MRK,2020,0,0,0
MRK,2020,0,0,0
MRK,2020,0,0,0
MRK,2020,0,0,0
MRK,2020,0,0,0
MRK,2020,0,0,0
MRK,2020,0,0,0
MRK,2020,0,0,0
MRK,2020,0,0,0
MRK,2020,0,0,0
MRK,2020,0,0,0
MRK,2020,0,0,0
MRK,2020,0,0,0
MRK,2020,0,0,0
MRK,2020,0,0,0
MRK,2020,0,0,0
MRK,2020,0,0,0
MRK,2020,0,0,0
MRK,2020,0,0,0
MRK,2020,0,0,0
MRK,2020,0,0,0
MRK,2020,0,0,0
MRK,2020,0,0,0
MRK,2020,0,0,0
MRK,2021,0,0,0
MRK,2021,0,0,0
MRK,2021,0,0,0
MRK,2021,0,0,0
MRK,2021,0,0,0
MRK,2021,0,0,0
MRK,2021,0,0,0
MRK,2021,0,0,0
MRK,2021,0,0,0
MRK,2021,0,0,0
MRK,2021,0,0,0
MRK,2021,0,0,0
MRK,2021,0,0,0
MRK,2021,0,0,0
MRK,2021,0,0,0
MRK,2021,0,0,0
MRK,2021,0,0,0
MRK,2021,0,0,0
MRK,2021,0,0,0
MRK,2021,0,0,0
MRK,2021,0,0,0
MRK,2021,0,0,0
MRK,2021,0,0,0
MRK,2021,0,0,0
MRK,2021,0,0,0
MRK,2021,0,0,0
MRK,2021,0,0,0
MRK,2021,0,0,0
MRK,2021,0,0,0
MRK,2021,0,0,0
MRK,2021,0,0,0
MRK,2021,0,0,0
MRK,2021,0,0,0
MRK,2021,0,0,0
MRK,2021,0,0,0
MRK,2021,0,0,0
MRK,2021,0,0,0
MRK,2021,0,0,0
MRK,2022,0,0,0
MRK,2022,0,0,0
MRK,2022,0,0,0
MRK,2022,0,0,0
MRK,2022,0,0,0
MRK,2022,0,0,0
MRK,2022,0,0,0
MRK,2022,0,0,0
MRK,2022,0,0,0
MRK,2022,0,0,0
MRK,2022,0,0,0
MRK,2022,0,0,0
MRK,2022,0,0,0
MRK,2022,0,0,0
MRK,2022,0,0,0
MRK,2022,0,0,0
MRK,2022,0,0,0
MRK,2022,0,0,0
MRK,2022,0,0,0
MRK,2022,0,0,0
MRK,2022,0,0,0
MRK,2022,0,0,0
MRK,2022,0,0,0
MRK,2022,0,0,0
MRK,2022,0,0,0
MRK,2022,0,0,0
MRK,2022,0,0,0
MRK,2022,0,0,0
MRK,2022,0,0,0
MRK,2022,0,0,0
MRK,2022,0,0,0
MRK,2022,0,0,0
MRK,2022,0,0,0
MRK,2022,0,0,0
MRK,2022,0,0,0
MRK,2022,0,0,0
MRK,2022,0,0,0
MRK,2022,0,0,0
MRK,2023,0,0,0
MRK,2023,0,0,0
MRK,2023,0,0,0
MRK,2023,0,0,0
MRK,2023,0,0,0
MRK,2023,0,0,0
MRK,2023,0,0,0
MRK,2023,0,0,0
MRK,2023,0,0,0
MRK,2023,0,0,0
MRK,2023,0,0,0
MRK,2023,0,0,0
MRK,2023,0,0,0
MRK,2023,0,0,0
MRK,2023,0,0,0
MRK,2023,0,0,0
MRK,2023,0,0,0
MRK,2023,0,0,0
MRK,2023,0,0,0
MRK,2023,0,0,0
MRK,2023,0,0,0
MRK,2023,0,0,0
MRK,2023,0,0,0
MRK,2023,0,0,0
MRK,2023,0,0,0
MRK,2023,0,0,0
MRK,2023,0,0,0
MRK,2023,0,0,0
MRK,2023,0,0,0
MRK,2023,0,0,0
MRK,2023,0,0,0
MRK,2023,0,0,0
MRK,2023,0,0,0
MRK,2023,0,0,0
MRK,2023,0,0,0
MRK,2023,0,0,0
MRK,2023,0,0,0
MRK,2023,0,0,0
MSFT,2019,0,0,0
MSFT,2019,0,0,0
MSFT,2019,0,0,0
MSFT,2019,0,0,0
MSFT,2019,0,0,0
MSFT,2019,0,0,0
MSFT,2019,0,0,0
MSFT,2019,0,0,0
MSFT,2019,0,0,0
MSFT,2019,0,0,0
MSFT,2019,0,0,0
MSFT,2019,0,0,0
MSFT,2019,0,0,0
MSFT,2019,0,0,0
MSFT,2019,0,0,0
MSFT,2019,0,0,0
MSFT,2019,0,0,0
MSFT,2019,0,0,0
MSFT,2019,0,0,0
MSFT,2019,0,0,0
MSFT,2019,0,0,0
MSFT,2019,0,0,0
MSFT,2019,0,0,0
MSFT,2019,0,0,0
MSFT,2019,0,0,0
MSFT,2019,0,0,0
MSFT,2019,0,0,0
MSFT,2019,0,0,0
MSFT,2019,0,0,0
MSFT,2019,0,0,0
MSFT,2020,0,0,0
MSFT,2020,0,0,0
MSFT,2020,0,0,0
MSFT,2020,0,0,0
MSFT,2020,0,0,0
MSFT,2020,0,0,0
MSFT,2020,0,0,0
MSFT,2020,0,0,0
MSFT,2020,0,0,0
MSFT,2020,0,0,0
MSFT,2020,0,0,0
MSFT,2020,0,0,0
MSFT,2020,0,0,0
MSFT,2020,0,0,0
MSFT,2020,0,0,0
MSFT,2020,0,0,0
MSFT,2020,0,0,0
MSFT,2020,0,0,0
MSFT,2020,0,0,0
MSFT,2020,0,0,0
MSFT,2020,0,0,0
MSFT,2020,0,0,0
MSFT,2020,0,0,0
MSFT,2020,0,0,0
MSFT,2020,0,0,0
MSFT,2020,0,0,0
MSFT,2020,0,0,0
MSFT,2020,0,0,0
MSFT,2020,0,0,0
MSFT,2020,0,0,0
MSFT,2021,0,0,0
MSFT,2021,0,0,0
MSFT,2021,0,0,0
MSFT,2021,0,0,0
MSFT,2021,0,0,0
MSFT,2021,0,0,0
MSFT,2021,0,0,0
MSFT,2021,0,0,0
MSFT,2021,0,0,0
MSFT,2021,0,0,0
MSFT,2021,0,0,0
MSFT,2021,0,0,0
MSFT,2021,0,0,0
MSFT,2021,0,0,0
MSFT,2021,0,0,0
MSFT,2021,0,0,0
MSFT,2021,0,0,0
MSFT,2021,0,0,0
MSFT,2021,0,0,0
MSFT,2021,0,0,0
MSFT,2021,0,0,0
MSFT,2021,0,0,0
MSFT,2021,0,0,0
MSFT,2021,0,0,0
MSFT,2021,0,0,0
MSFT,2021,0,0,0
MSFT,2021,0,0,0
MSFT,2021,0,0,0
MSFT,2021,0,0,0
MSFT,2021,0,0,0
MSFT,2022,0,0,0
MSFT,2022,0,0,0
MSFT,2022,0,0,0
MSFT,2022,0,0,0
MSFT,2022,0,0,0
MSFT,2022,0,0,0
MSFT,2022,0,0,0
MSFT,2022,0,0,0
MSFT,2022,0,0,0
MSFT,2022,0,0,0
MSFT,2022,0,0,0
MSFT,2022,0,0,0
MSFT,2022,0,0,0
MSFT,2022,0,0,0
MSFT,2022,0,0,0
MSFT,2022,0,0,0
MSFT,2022,0,0,0
MSFT,2022,0,0,0
MSFT,2022,0,0,0
MSFT,2022,0,0,0
MSFT,2022,0,0,0
MSFT,2022,0,0,0
MSFT,2022,0,0,0
MSFT,2022,0,0,0
MSFT,2022,0,0,0
MSFT,2022,0,0,0
MSFT,2022,0,0,0
MSFT,2022,0,0,0
MSFT,2022,0,0,0
MSFT,2022,0,0,0
MSFT,2023,0,0,0
MSFT,2023,0,0,0
MSFT,2023,0,0,0
MSFT,2023,0,0,0
MSFT,2023,0,0,0
MSFT,2023,0,0,0
MSFT,2023,0,0,0
MSFT,2023,0,0,0
MSFT,2023,0,0,0
MSFT,2023,0,0,0
MSFT,2023,0,0,0
MSFT,2023,0,0,0
MSFT,2023,0,0,0
MSFT,2023,0,0,0
MSFT,2023,0,0,0
MSFT,2023,0,0,0
MSFT,2023,0,0,0
MSFT,2023,0,0,0
MSFT,2023,0,0,0
MSFT,2023,0,0,0
MSFT,2023,0,0,0
MSFT,2023,0,0,0
MSFT,2023,0,0,0
MSFT,2023,0,0,0
MSFT,2023,0,0,0
MSFT,2023,0,0,0
MSFT,2023,0,0,0
MSFT,2023,0,0,0
MSFT,2023,0,0,0
MSFT,2023,0,0,0
MSI,2019,0,0,0
MSI,2019,0,0,0
MSI,2019,0,0,0
MSI,2019,0,0,0
MSI,2019,0,0,0
MSI,2019,0,0,0
MSI,2019,0,0,0
MSI,2019,0,0,0
MSI,2019,0,0,0
MSI,2019,0,0,0
MSI,2019,0,0,0
MSI,2019,0,0,0
MSI,2019,0,0,0
MSI,2019,0,0,0
MSI,2019,0,0,0
MSI,2019,0,0,0
MSI,2019,0,0,0
MSI,2019,0,0,0
MSI,2019,0,0,0
MSI,2019,0,0,0
MSI,2019,0,0,0
MSI,2019,0,0,0
MSI,2019,0,0,0
MSI,2019,0,0,0
MSI,2019,0,0,0
MSI,2019,0,0,0
MSI,2019,0,0,0
MSI,2019,0,0,0
MSI,2019,0,0,0
MSI,2019,0,0,0
MSI,2019,0,0,0
MSI,2019,0,0,0
MSI,2019,0,0,0
MSI,2019,0,0,0
MSI,2019,0,0,0
MSI,2019,0,0,0
MSI,2020,0,0,0
MSI,2020,0,0,0
MSI,2020,0,0,0
MSI,2020,0,0,0
MSI,2020,0,0,0
MSI,2020,0,0,0
MSI,2020,0,0,0
MSI,2020,0,0,0
MSI,2020,0,0,0
MSI,2020,0,0,0
MSI,2020,0,0,0
MSI,2020,0,0,0
MSI,2020,0,0,0
MSI,2020,0,0,0
MSI,2020,0,0,0
MSI,2020,0,0,0
MSI,2020,0,0,0
MSI,2020,0,0,0
MSI,2020,0,0,0
MSI,2020,0,0,0
MSI,2020,0,0,0
MSI,2020,0,0,0
MSI,2020,0,0,0
MSI,2020,0,0,0
MSI,2020,0,0,0
MSI,2020,0,0,0
MSI,2020,0,0,0
MSI,2020,0,0,0
MSI,2020,0,0,0
MSI,2020,0,0,0
MSI,2020,0,0,0
MSI,2020,0,0,0
MSI,2020,0,0,0
MSI,2020,0,0,0
MSI,2020,0,0,0
MSI,2020,0,0,0
MSI,2021,0,0,0
MSI,2021,0,0,0
MSI,2021,0,0,0
MSI,2021,0,0,0
MSI,2021,0,0,0
MSI,2021,0,0,0
MSI,2021,0,0,0
MSI,2021,0,0,0
MSI,2021,0,0,0
MSI,2021,0,0,0
MSI,2021,0,0,0
MSI,2021,0,0,0
MSI,2021,0,0,0
MSI,2021,0,0,0
MSI,2021,0,0,0
MSI,2021,0,0,0
MSI,2021,0,0,0
MSI,2021,0,0,0
MSI,2021,0,0,0
MSI,2021,0,0,0
MSI,2021,0,0,0
MSI,2021,0,0,0
MSI,2021,0,0,0
MSI,2021,0,0,0
MSI,2021,0,0,0
MSI,2021,0,0,0
MSI,2021,0,0,0
MSI,2021,0,0,0
MSI,2021,0,0,0
MSI,2021,0,0,0
MSI,2021,0,0,0
MSI,2021,0,0,0
MSI,2021,0,0,0
MSI,2021,0,0,0
MSI,2021,0,0,0
MSI,2021,0,0,0
MSI,2022,0,0,0
MSI,2022,0,0,0
MSI,2022,0,0,0
MSI,2022,0,0,0
MSI,2022,0,0,0
MSI,2022,0,0,0
MSI,2022,0,0,0
MSI,2022,0,0,0
MSI,2022,0,0,0
MSI,2022,0,0,0
MSI,2022,0,0,0
MSI,2022,0,0,0
MSI,2022,0,0,0
MSI,2022,0,0,0
MSI,2022,0,0,0
MSI,2022,0,0,0
MSI,2022,0,0,0
MSI,2022,0,0,0
MSI,2022,0,0,0
MSI,2022,0,0,0
MSI,2022,0,0,0
MSI,2022,0,0,0
MSI,2022,0,0,0
MSI,2022,0,0,0
MSI,2022,0,0,0
MSI,2022,0,0,0
MSI,2022,0,0,0
MSI,2022,0,0,0
MSI,2022,0,0,0
MSI,2022,0,0,0
MSI,2022,0,0,0
MSI,2022,0,0,0
MSI,2022,0,0,0
MSI,2022,0,0,0
MSI,2022,0,0,0
MSI,2022,0,0,0
MSI,2023,0,0,0
MSI,2023,0,0,0
MSI,2023,0,0,0
MSI,2023,0,0,0
MSI,2023,0,0,0
MSI,2023,0,0,0
MSI,2023,0,0,0
MSI,2023,0,0,0
MSI,2023,0,0,0
MSI,2023,0,0,0
MSI,2023,0,0,0
MSI,2023,0,0,0
MSI,2023,0,0,0
MSI,2023,0,0,0
MSI,2023,0,0,0
MSI,2023,0,0,0
MSI,2023,0,0,0
MSI,2023,0,0,0
MSI,2023,0,0,0
MSI,2023,0,0,0
MSI,2023,0,0,0
MSI,2023,0,0,0
MSI,2023,0,0,0
MSI,2023,0,0,0
MSI,2023,0,0,0
MSI,2023,0,0,0
MSI,2023,0,0,0
MSI,2023,0,0,0
MSI,2023,0,0,0
MSI,2023,0,0,0
MSI,2023,0,0,0
MSI,2023,0,0,0
MSI,2023,0,0,0
MSI,2023,0,0,0
MSI,2023,0,0,0
MSI,2023,0,0,0
MU,2019,0,0,0
MU,2019,0,0,0
MU,2019,0,0,0
MU,2019,0,0,0
MU,2019,0,0,0
MU,2019,0,0,0
MU,2019,0,0,0
MU,2019,0,0,0
MU,2019,0,0,0
MU,2019,0,0,0
MU,2019,0,0,0
MU,2019,0,0,0
MU,2019,0,0,0
MU,2019,0,0,0
MU,2019,0,0,0
MU,2019,0,0,0
MU,2019,0,0,0
MU,2019,0,0,0
MU,2019,0,0,0
MU,2019,0,0,0
MU,2019,0,0,0
MU,2019,0,0,0
MU,2019,0,0,0
MU,2019,0,0,0
MU,2019,0,0,0
MU,2019,0,0,0
MU,2019,0,0,0
MU,2019,0,0,0
MU,2019,0,0,0
MU,2019,0,0,0
MU,2019,0,0,0
MU,2019,0,0,0
MU,2020,0,0,0
MU,2020,0,0,0
MU,2020,0,0,0
MU,2020,0,0,0
MU,2020,0,0,0
MU,2020,0,0,0
MU,2020,0,0,0
MU,2020,0,0,0
MU,2020,0,0,0
MU,2020,0,0,0
MU,2020,0,0,0
MU,2020,0,0,0
MU,2020,0,0,0
MU,2020,0,0,0
MU,2020,0,0,0
MU,2020,0,0,0
MU,2020,0,0,0
MU,2020,0,0,0
MU,2020,0,0,0
MU,2020,0,0,0
MU,2020,0,0,0
MU,2020,0,0,0
MU,2020,0,0,0
MU,2020,0,0,0
MU,2020,0,0,0
MU,2020,0,0,0
MU,2020,0,0,0
MU,2020,0,0,0
MU,2020,0,0,0
MU,2020,0,0,0
MU,2020,0,0,0
MU,2020,0,0,0
MU,2021,0,0,0
MU,2021,0,0,0
MU,2021,0,0,0
MU,2021,0,0,0
MU,2021,0,0,0
MU,2021,0,0,0
MU,2021,0,0,0
MU,2021,0,0,0
MU,2021,0,0,0
MU,2021,0,0,0
MU,2021,0,0,0
MU,2021,0,0,0
MU,2021,0,0,0
MU,2021,0,0,0
MU,2021,0,0,0
MU,2021,0,0,0
MU,2021,0,0,0
MU,2021,0,0,0
MU,2021,0,0,0
MU,2021,0,0,0
MU,2021,0,0,0
MU,2021,0,0,0
MU,2021,0,0,0
MU,2021,0,0,0
MU,2021,0,0,0
MU,2021,0,0,0
MU,2021,0,0,0
MU,2021,0,0,0
MU,2021,0,0,0
MU,2021,0,0,0
MU,2021,0,0,0
MU,2021,0,0,0
MU,2022,0,0,0
MU,2022,0,0,0
MU,2022,0,0,0
MU,2022,0,0,0
MU,2022,0,0,0
MU,2022,0,0,0
MU,2022,0,0,0
MU,2022,0,0,0
MU,2022,0,0,0
MU,2022,0,0,0
MU,2022,0,0,0
MU,2022,0,0,0
MU,2022,0,0,0
MU,2022,0,0,0
MU,2022,0,0,0
MU,2022,0,0,0
MU,2022,0,0,0
MU,2022,0,0,0
MU,2022,0,0,0
MU,2022,0,0,0
MU,2022,0,0,0
MU,2022,0,0,0
MU,2022,0,0,0
MU,2022,0,0,0
MU,2022,0,0,0
MU,2022,0,0,0
MU,2022,0,0,0
MU,2022,0,0,0
MU,2022,0,0,0
MU,2022,0,0,0
MU,2022,0,0,0
MU,2022,0,0,0
MU,2023,0,0,0
MU,2023,0,0,0
MU,2023,0,0,0
MU,2023,0,0,0
MU,2023,0,0,0
MU,2023,0,0,0
MU,2023,0,0,0
MU,2023,0,0,0
MU,2023,0,0,0
MU,2023,0,0,0
MU,2023,0,0,0
MU,2023,0,0,0
MU,2023,0,0,0
MU,2023,0,0,0
MU,2023,0,0,0
MU,2023,0,0,0
MU,2023,0,0,0
MU,2023,0,0,0
MU,2023,0,0,0
MU,2023,0,0,0
MU,2023,0,0,0
MU,2023,0,0,0
MU,2023,0,0,0
MU,2023,0,0,0
MU,2023,0,0,0
MU,2023,0,0,0
MU,2023,0,0,0
MU,2023,0,0,0
MU,2023,0,0,0
MU,2023,0,0,0
MU,2023,0,0,0
MU,2023,0,0,0
NKE,2019,0,0,0
NKE,2019,0,0,0
NKE,2019,0,0,0
NKE,2019,0,0,0
NKE,2019,0,0,0
NKE,2019,0,0,0
NKE,2019,0,0,0
NKE,2019,0,0,0
NKE,2019,0,0,0
NKE,2019,0,0,0
NKE,2019,0,0,0
NKE,2019,0,0,0
NKE,2019,0,0,0
NKE,2019,0,0,0
NKE,2019,0,0,0
NKE,2019,0,0,0
NKE,2019,0,0,0
NKE,2019,0,0,0
NKE,2019,0,0,0
NKE,2019,0,0,0
NKE,2019,0,0,0
NKE,2019,0,0,0
NKE,2019,0,0,0
NKE,2019,0,0,0
NKE,2019,0,0,0
NKE,2019,0,0,0
NKE,2019,0,0,0
NKE,2019,0,0,0
NKE,2019,0,0,0
NKE,2019,0,0,0
NKE,2019,0,0,0
NKE,2019,0,0,0
NKE,2020,0,0,0
NKE,2020,0,0,0
NKE,2020,0,0,0
NKE,2020,0,0,0
NKE,2020,0,0,0
NKE,2020,0,0,0
NKE,2020,0,0,0
NKE,2020,0,0,0
NKE,2020,0,0,0
NKE,2020,0,0,0
NKE,2020,0,0,0
NKE,2020,0,0,0
NKE,2020,0,0,0
NKE,2020,0,0,0
NKE,2020,0,0,0
NKE,2020,0,0,0
NKE,2020,0,0,0
NKE,2020,0,0,0
NKE,2020,0,0,0
NKE,2020,0,0,0
NKE,2020,0,0,0
NKE,2020,0,0,0
NKE,2020,0,0,0
NKE,2020,0,0,0
NKE,2020,0,0,0
NKE,2020,0,0,0
NKE,2020,0,0,0
NKE,2020,0,0,0
NKE,2020,0,0,0
NKE,2020,0,0,0
NKE,2020,0,0,0
NKE,2020,0,0,0
NKE,2021,0,0,0
NKE,2021,0,0,0
NKE,2021,0,0,0
NKE,2021,0,0,0
NKE,2021,0,0,0
NKE,2021,0,0,0
NKE,2021,0,0,0
NKE,2021,0,0,0
NKE,2021,0,0,0
NKE,2021,0,0,0
NKE,2021,0,0,0
NKE,2021,0,0,0
NKE,2021,0,0,0
NKE,2021,0,0,0
NKE,2021,0,0,0
NKE,2021,0,0,0
NKE,2021,0,0,0
NKE,2021,0,0,0
NKE,2021,0,0,0
NKE,2021,0,0,0
NKE,2021,0,0,0
NKE,2021,0,0,0
NKE,2021,0,0,0
NKE,2021,0,0,0
NKE,2021,0,0,0
NKE,2021,0,0,0
NKE,2021,0,0,0
NKE,2021,0,0,0
NKE,2021,0,0,0
NKE,2021,0,0,0
NKE,2021,0,0,0
NKE,2021,0,0,0
NKE,2022,0,0,0
NKE,2022,0,0,0
NKE,2022,0,0,0
NKE,2022,0,0,0
NKE,2022,0,0,0
NKE,2022,0,0,0
NKE,2022,0,0,0
NKE,2022,0,0,0
NKE,2022,0,0,0
NKE,2022,0,0,0
NKE,2022,0,0,0
NKE,2022,0,0,0
NKE,2022,0,0,0
NKE,2022,0,0,0
NKE,2022,0,0,0
NKE,2022,0,0,0
NKE,2022,0,0,0
NKE,2022,0,0,0
NKE,2022,0,0,0
NKE,2022,0,0,0
NKE,2022,0,0,0
NKE,2022,0,0,0
NKE,2022,0,0,0
NKE,2022,0,0,0
NKE,2022,0,0,0
NKE,2022,0,0,0
NKE,2022,0,0,0
NKE,2022,0,0,0
NKE,2022,0,0,0
NKE,2022,0,0,0
NKE,2022,0,0,0
NKE,2022,0,0,0
NKE,2023,0,0,0
NKE,2023,0,0,0
NKE,2023,0,0,0
NKE,2023,0,0,0
NKE,2023,0,0,0
NKE,2023,0,0,0
NKE,2023,0,0,0
NKE,2023,0,0,0
NKE,2023,0,0,0
NKE,2023,0,0,0
NKE,2023,0,0,0
NKE,2023,0,0,0
NKE,2023,0,0,0
NKE,2023,0,0,0
NKE,2023,0,0,0
NKE,2023,0,0,0
NKE,2023,0,0,0
NKE,2023,0,0,0
NKE,2023,0,0,0
NKE,2023,0,0,0
NKE,2023,0,0,0
NKE,2023,0,0,0
NKE,2023,0,0,0
NKE,2023,0,0,0
NKE,2023,0,0,0
NKE,2023,0,0,0
NKE,2023,0,0,0
NKE,2023,0,0,0
NKE,2023,0,0,0
NKE,2023,0,0,0
NKE,2023,0,0,0
NKE,2023,0,0,0
NOW,2019,0,0,0
NOW,2019,0,0,0
NOW,2019,0,0,0
NOW,2019,0,0,0
NOW,2019,0,0,0
NOW,2019,0,0,0
NOW,2019,0,0,0
NOW,2019,0,0,0
NOW,2019,0,0,0
NOW,2019,0,0,0
NOW,2019,0,0,0
NOW,2019,0,0,0
NOW,2019,0,0,0
NOW,2020,0,0,0
NOW,2020,0,0,0
NOW,2020,0,0,0
NOW,2020,0,0,0
NOW,2020,0,0,0
NOW,2020,0,0,0
NOW,2020,0,0,0
NOW,2020,0,0,0
NOW,2020,0,0,0
NOW,2020,0,0,0
NOW,2020,0,0,0
NOW,2020,0,0,0
NOW,2020,0,0,0
NOW,2021,0,0,0
NOW,2021,0,0,0
NOW,2021,0,0,0
NOW,2021,0,0,0
NOW,2021,0,0,0
NOW,2021,0,0,0
NOW,2021,0,0,0
NOW,2021,0,0,0
NOW,2021,0,0,0
NOW,2021,0,0,0
NOW,2021,0,0,0
NOW,2021,0,0,0
NOW,2021,0,0,0
NOW,2022,0,0,0
NOW,2022,0,0,0
NOW,2022,0,0,0
NOW,2022,0,0,0
NOW,2022,0,0,0
NOW,2022,0,0,0
NOW,2022,0,0,0
NOW,2022,0,0,0
NOW,2022,0,0,0
NOW,2022,0,0,0
NOW,2022,0,0,0
NOW,2022,0,0,0
NOW,2022,0,0,0
NOW,2023,0,0,0
NOW,2023,0,0,0
NOW,2023,0,0,0
NOW,2023,0,0,0
NOW,2023,0,0,0
NOW,2023,0,0,0
NOW,2023,0,0,0
NOW,2023,0,0,0
NOW,2023,0,0,0
NOW,2023,0,0,0
NOW,2023,0,0,0
NOW,2023,0,0,0
NOW,2023,0,0,0
NVDA,2019,0,0,0
NVDA,2019,0,0,0
NVDA,2019,0,0,0
NVDA,2019,0,0,0
NVDA,2019,0,0,0
NVDA,2019,0,0,0
NVDA,2019,0,0,0
NVDA,2019,0,0,0
NVDA,2019,0,0,0
NVDA,2019,0,0,0
NVDA,2019,0,0,0
NVDA,2019,0,0,0
NVDA,2019,0,0,0
NVDA,2019,0,0,0
NVDA,2019,0,0,0
NVDA,2019,0,0,0
NVDA,2019,0,0,0
NVDA,2019,0,0,0
NVDA,2019,0,0,0
NVDA,2019,0,0,0
NVDA,2019,0,0,0
NVDA,2019,0,0,0
NVDA,2019,0,0,0
NVDA,2019,0,0,0
NVDA,2019,0,0,0
NVDA,2019,0,0,0
NVDA,2019,0,0,0
NVDA,2019,0,0,0
NVDA,2019,0,0,0
NVDA,2020,0,0,0
NVDA,2020,0,0,0
NVDA,2020,0,0,0
NVDA,2020,0,0,0
NVDA,2020,0,0,0
NVDA,2020,0,0,0
NVDA,2020,0,0,0
NVDA,2020,0,0,0
NVDA,2020,0,0,0
NVDA,2020,0,0,0
NVDA,2020,0,0,0
NVDA,2020,0,0,0
NVDA,2020,0,0,0
NVDA,2020,0,0,0
NVDA,2020,0,0,0
NVDA,2020,0,0,0
NVDA,2020,0,0,0
NVDA,2020,0,0,0
NVDA,2020,0,0,0
NVDA,2020,0,0,0
NVDA,2020,0,0,0
NVDA,2020,0,0,0
NVDA,2020,0,0,0
NVDA,2020,0,0,0
NVDA,2020,0,0,0
NVDA,2020,0,0,0
NVDA,2020,0,0,0
NVDA,2020,0,0,0
NVDA,2020,0,0,0
NVDA,2021,0,0,0
NVDA,2021,0,0,0
NVDA,2021,0,0,0
NVDA,2021,0,0,0
NVDA,2021,0,0,0
NVDA,2021,0,0,0
NVDA,2021,0,0,0
NVDA,2021,0,0,0
NVDA,2021,0,0,0
NVDA,2021,0,0,0
NVDA,2021,0,0,0
NVDA,2021,0,0,0
NVDA,2021,0,0,0
NVDA,2021,0,0,0
NVDA,2021,0,0,0
NVDA,2021,0,0,0
NVDA,2021,0,0,0
NVDA,2021,0,0,0
NVDA,2021,0,0,0
NVDA,2021,0,0,0
NVDA,2021,0,0,0
NVDA,2021,0,0,0
NVDA,2021,0,0,0
NVDA,2021,0,0,0
NVDA,2021,0,0,0
NVDA,2021,0,0,0
NVDA,2021,0,0,0
NVDA,2021,0,0,0
NVDA,2021,0,0,0
NVDA,2022,0,0,0
NVDA,2022,0,0,0
NVDA,2022,0,0,0
NVDA,2022,0,0,0
NVDA,2022,0,0,0
NVDA,2022,0,0,0
NVDA,2022,0,0,0
NVDA,2022,0,0,0
NVDA,2022,0,0,0
NVDA,2022,0,0,0
NVDA,2022,0,0,0
NVDA,2022,0,0,0
NVDA,2022,0,0,0
NVDA,2022,0,0,0
NVDA,2022,0,0,0
NVDA,2022,0,0,0
NVDA,2022,0,0,0
NVDA,2022,0,0,0
NVDA,2022,0,0,0
NVDA,2022,0,0,0
NVDA,2022,0,0,0
NVDA,2022,0,0,0
NVDA,2022,0,0,0
NVDA,2022,0,0,0
NVDA,2022,0,0,0
NVDA,2022,0,0,0
NVDA,2022,0,0,0
NVDA,2022,0,0,0
NVDA,2022,0,0,0
NVDA,2023,0,0,0
NVDA,2023,0,0,0
NVDA,2023,0,0,0
NVDA,2023,0,0,0
NVDA,2023,0,0,0
NVDA,2023,0,0,0
NVDA,2023,0,0,0
NVDA,2023,0,0,0
NVDA,2023,0,0,0
NVDA,2023,0,0,0
NVDA,2023,0,0,0
NVDA,2023,0,0,0
NVDA,2023,0,0,0
NVDA,2023,0,0,0
NVDA,2023,0,0,0
NVDA,2023,0,0,0
NVDA,2023,0,0,0
NVDA,2023,0,0,0
NVDA,2023,0,0,0
NVDA,2023,0,0,0
NVDA,2023,0,0,0
NVDA,2023,0,0,0
NVDA,2023,0,0,0
NVDA,2023,0,0,0
NVDA,2023,0,0,0
NVDA,2023,0,0,0
NVDA,2023,0,0,0
NVDA,2023,0,0,0
NVDA,2023,0,0,0
PGR,2019,0,0,0
PGR,2019,0,0,0
PGR,2019,0,0,0
PGR,2019,0,0,0
PGR,2019,0,0,0
PGR,2019,0,0,0
PGR,2019,0,0,0
PGR,2019,0,0,0
PGR,2019,0,0,0
PGR,2019,0,0,0
PGR,2019,0,0,0
PGR,2019,0,0,0
PGR,2019,0,0,0
PGR,2019,0,0,0
PGR,2019,0,0,0
PGR,2019,0,0,0
PGR,2019,0,0,0
PGR,2019,0,0,0
PGR,2019,0,0,0
PGR,2019,0,0,0
PGR,2019,0,0,0
PGR,2019,0,0,0
PGR,2019,0,0,0
PGR,2019,0,0,0
PGR,2019,0,0,0
PGR,2019,0,0,0
PGR,2019,0,0,0
PGR,2019,0,0,0
PGR,2019,0,0,0
PGR,2019,0,0,0
PGR,2019,0,0,0
PGR,2019,0,0,0
PGR,2019,0,0,0
PGR,2020,0,0,0
PGR,2020,0,0,0
PGR,2020,0,0,0
PGR,2020,0,0,0
PGR,2020,0,0,0
PGR,2020,0,0,0
PGR,2020,0,0,0
PGR,2020,0,0,0
PGR,2020,0,0,0
PGR,2020,0,0,0
PGR,2020,0,0,0
PGR,2020,0,0,0
PGR,2020,0,0,0
PGR,2020,0,0,0
PGR,2020,0,0,0
PGR,2020,0,0,0
PGR,2020,0,0,0
PGR,2020,0,0,0
PGR,2020,0,0,0
PGR,2020,0,0,0
PGR,2020,0,0,0
PGR,2020,0,0,0
PGR,2020,0,0,0
PGR,2020,0,0,0
PGR,2020,0,0,0
PGR,2020,0,0,0
PGR,2020,0,0,0
PGR,2020,0,0,0
PGR,2020,0,0,0
PGR,2020,0,0,0
PGR,2020,0,0,0
PGR,2020,0,0,0
PGR,2020,0,0,0
PGR,2021,0,0,0
PGR,2021,0,0,0
PGR,2021,0,0,0
PGR,2021,0,0,0
PGR,2021,0,0,0
PGR,2021,0,0,0
PGR,2021,0,0,0
PGR,2021,0,0,0
PGR,2021,0,0,0
PGR,2021,0,0,0
PGR,2021,0,0,0
PGR,2021,0,0,0
PGR,2021,0,0,0
PGR,2021,0,0,0
PGR,2021,0,0,0
PGR,2021,0,0,0
PGR,2021,0,0,0
PGR,2021,0,0,0
PGR,2021,0,0,0
PGR,2021,0,0,0
PGR,2021,0,0,0
PGR,2021,0,0,0
PGR,2021,0,0,0
PGR,2021,0,0,0
PGR,2021,0,0,0
PGR,2021,0,0,0
PGR,2021,0,0,0
PGR,2021,0,0,0
PGR,2021,0,0,0
PGR,2021,0,0,0
PGR,2021,0,0,0
PGR,2021,0,0,0
PGR,2021,0,0,0
PGR,2022,0,0,0
PGR,2022,0,0,0
PGR,2022,0,0,0
PGR,2022,0,0,0
PGR,2022,0,0,0
PGR,2022,0,0,0
PGR,2022,0,0,0
PGR,2022,0,0,0
PGR,2022,0,0,0
PGR,2022,0,0,0
PGR,2022,0,0,0
PGR,2022,0,0,0
PGR,2022,0,0,0
PGR,2022,0,0,0
PGR,2022,0,0,0
PGR,2022,0,0,0
PGR,2022,0,0,0
PGR,2022,0,0,0
PGR,2022,0,0,0
PGR,2022,0,0,0
PGR,2022,0,0,0
PGR,2022,0,0,0
PGR,2022,0,0,0
PGR,2022,0,0,0
PGR,2022,0,0,0
PGR,2022,0,0,0
PGR,2022,0,0,0
PGR,2022,0,0,0
PGR,2022,0,0,0
PGR,2022,0,0,0
PGR,2022,0,0,0
PGR,2022,0,0,0
PGR,2022,0,0,0
PGR,2023,0,0,0
PGR,2023,0,0,0
PGR,2023,0,0,0
PGR,2023,0,0,0
PGR,2023,0,0,0
PGR,2023,0,0,0
PGR,2023,0,0,0
PGR,2023,0,0,0
PGR,2023,0,0,0
PGR,2023,0,0,0
PGR,2023,0,0,0
PGR,2023,0,0,0
PGR,2023,0,0,0
PGR,2023,0,0,0
PGR,2023,0,0,0
PGR,2023,0,0,0
PGR,2023,0,0,0
PGR,2023,0,0,0
PGR,2023,0,0,0
PGR,2023,0,0,0
PGR,2023,0,0,0
PGR,2023,0,0,0
PGR,2023,0,0,0
PGR,2023,0,0,0
PGR,2023,0,0,0
PGR,2023,0,0,0
PGR,2023,0,0,0
PGR,2023,0,0,0
PGR,2023,0,0,0
PGR,2023,0,0,0
PGR,2023,0,0,0
PGR,2023,0,0,0
PGR,2023,0,0,0
RXT,2019,0,0,0
RXT,2019,0,0,0
RXT,2019,0,0,0
RXT,2020,0,0,0
RXT,2020,0,0,0
RXT,2020,0,0,0
RXT,2021,0,0,0
RXT,2021,0,0,0
RXT,2021,0,0,0
RXT,2022,0,0,0
RXT,2022,0,0,0
RXT,2022,0,0,0
RXT,2023,0,0,0
RXT,2023,0,0,0
RXT,2023,0,0,0
SNAP,2019,0,0,0
SNAP,2019,0,0,0
SNAP,2019,0,0,0
SNAP,2019,0,0,0
SNAP,2019,0,0,0
SNAP,2019,0,0,0
SNAP,2019,0,0,0
SNAP,2020,0,0,0
SNAP,2020,0,0,0
SNAP,2020,0,0,0
SNAP,2020,0,0,0
SNAP,2020,0,0,0
SNAP,2020,0,0,0
SNAP,2020,0,0,0
SNAP,2021,0,0,0
SNAP,2021,0,0,0
SNAP,2021,0,0,0
SNAP,2021,0,0,0
SNAP,2021,0,0,0
SNAP,2021,0,0,0
SNAP,2021,0,0,0
SNAP,2022,0,0,0
SNAP,2022,0,0,0
SNAP,2022,0,0,0
SNAP,2022,0,0,0
SNAP,2022,0,0,0
SNAP,2022,0,0,0
SNAP,2022,0,0,0
SNAP,2023,0,0,0
SNAP,2023,0,0,0
SNAP,2023,0,0,0
SNAP,2023,0,0,0
SNAP,2023,0,0,0
SNAP,2023,0,0,0
SNAP,2023,0,0,0
TSLA,2019,0,0,0
TSLA,2019,0,0,0
TSLA,2019,0,0,0
TSLA,2019,0,0,0
TSLA,2019,0,0,0
TSLA,2019,0,0,0
TSLA,2019,0,0,0
TSLA,2019,0,0,0
TSLA,2019,0,0,0
TSLA,2019,0,0,0
TSLA,2019,0,0,0
TSLA,2019,0,0,0
TSLA,2019,0,0,0
TSLA,2019,0,0,0
TSLA,2019,0,0,0
TSLA,2019,0,0,0
TSLA,2019,0,0,0
TSLA,2019,0,0,0
TSLA,2020,0,0,0
TSLA,2020,0,0,0
TSLA,2020,0,0,0
TSLA,2020,0,0,0
TSLA,2020,0,0,0
TSLA,2020,0,0,0
TSLA,2020,0,0,0
TSLA,2020,0,0,0
TSLA,2020,0,0,0
TSLA,2020,0,0,0
TSLA,2020,0,0,0
TSLA,2020,0,0,0
TSLA,2020,0,0,0
TSLA,2020,0,0,0
TSLA,2020,0,0,0
TSLA,2020,0,0,0
TSLA,2020,0,0,0
TSLA,2020,0,0,0
TSLA,2021,0,0,0
TSLA,2021,0,0,0
TSLA,2021,0,0,0
TSLA,2021,0,0,0
TSLA,2021,0,0,0
TSLA,2021,0,0,0
TSLA,2021,0,0,0
TSLA,2021,0,0,0
TSLA,2021,0,0,0
TSLA,2021,0,0,0
TSLA,2021,0,0,0
TSLA,2021,0,0,0
TSLA,2021,0,0,0
TSLA,2021,0,0,0
TSLA,2021,0,0,0
TSLA,2021,0,0,0
TSLA,2021,0,0,0
TSLA,2021,0,0,0
TSLA,2022,0,0,0
TSLA,2022,0,0,0
TSLA,2022,0,0,0
TSLA,2022,0,0,0
TSLA,2022,0,0,0
TSLA,2022,0,0,0
TSLA,2022,0,0,0
TSLA,2022,0,0,0
TSLA,2022,0,0,0
TSLA,2022,0,0,0
TSLA,2022,0,0,0
TSLA,2022,0,0,0
TSLA,2022,0,0,0
TSLA,2022,0,0,0
TSLA,2022,0,0,0
TSLA,2022,0,0,0
TSLA,2022,0,0,0
TSLA,2022,0,0,0
TSLA,2023,0,0,0
TSLA,2023,0,0,0
TSLA,2023,0,0,0
TSLA,2023,0,0,0
TSLA,2023,0,0,0
TSLA,2023,0,0,0
TSLA,2023,0,0,0
TSLA,2023,0,0,0
TSLA,2023,0,0,0
TSLA,2023,0,0,0
TSLA,2023,0,0,0
TSLA,2023,0,0,0
TSLA,2023,0,0,0
TSLA,2023,0,0,0
TSLA,2023,0,0,0
TSLA,2023,0,0,0
TSLA,2023,0,0,0
TSLA,2023,0,0,0
UNH,2019,0,0,0
UNH,2019,0,0,0
UNH,2019,0,0,0
UNH,2019,0,0,0
UNH,2019,0,0,0
UNH,2019,0,0,0
UNH,2019,0,0,0
UNH,2019,0,0,0
UNH,2019,0,0,0
UNH,2019,0,0,0
UNH,2019,0,0,0
UNH,2019,0,0,0
UNH,2019,0,0,0
UNH,2019,0,0,0
UNH,2019,0,0,0
UNH,2019,0,0,0
UNH,2019,0,0,0
UNH,2019,0,0,0
UNH,2019,0,0,0
UNH,2019,0,0,0
UNH,2019,0,0,0
UNH,2019,0,0,0
UNH,2019,0,0,0
UNH,2019,0,0,0
UNH,2019,0,0,0
UNH,2019,0,0,0
UNH,2019,0,0,0
UNH,2019,0,0,0
UNH,2019,0,0,0
UNH,2019,0,0,0
UNH,2019,0,0,0
UNH,2019,0,0,0
UNH,2019,0,0,0
UNH,2020,0,0,0
UNH,2020,0,0,0
UNH,2020,0,0,0
UNH,2020,0,0,0
UNH,2020,0,0,0
UNH,2020,0,0,0
UNH,2020,0,0,0
UNH,2020,0,0,0
UNH,2020,0,0,0
UNH,2020,0,0,0
UNH,2020,0,0,0
UNH,2020,0,0,0
UNH,2020,0,0,0
UNH,2020,0,0,0
UNH,2020,0,0,0
UNH,2020,0,0,0
UNH,2020,0,0,0
UNH,2020,0,0,0
UNH,2020,0,0,0
UNH,2020,0,0,0
UNH,2020,0,0,0
UNH,2020,0,0,0
UNH,2020,0,0,0
UNH,2020,0,0,0
UNH,2020,0,0,0
UNH,2020,0,0,0
UNH,2020,0,0,0
UNH,2020,0,0,0
UNH,2020,0,0,0
UNH,2020,0,0,0
UNH,2020,0,0,0
UNH,2020,0,0,0
UNH,2020,0,0,0
UNH,2021,0,0,0
UNH,2021,0,0,0
UNH,2021,0,0,0
UNH,2021,0,0,0
UNH,2021,0,0,0
UNH,2021,0,0,0
UNH,2021,0,0,0
UNH,2021,0,0,0
UNH,2021,0,0,0
UNH,2021,0,0,0
UNH,2021,0,0,0
UNH,2021,0,0,0
UNH,2021,0,0,0
UNH,2021,0,0,0
UNH,2021,0,0,0
UNH,2021,0,0,0
UNH,2021,0,0,0
UNH,2021,0,0,0
UNH,2021,0,0,0
UNH,2021,0,0,0
UNH,2021,0,0,0
UNH,2021,0,0,0
UNH,2021,0,0,0
UNH,2021,0,0,0
UNH,2021,0,0,0
UNH,2021,0,0,0
UNH,2021,0,0,0
UNH,2021,0,0,0
UNH,2021,0,0,0
UNH,2021,0,0,0
UNH,2021,0,0,0
UNH,2021,0,0,0
UNH,2021,0,0,0
UNH,2022,0,0,0
UNH,2022,0,0,0
UNH,2022,0,0,0
UNH,2022,0,0,0
UNH,2022,0,0,0
UNH,2022,0,0,0
UNH,2022,0,0,0
UNH,2022,0,0,0
UNH,2022,0,0,0
UNH,2022,0,0,0
UNH,2022,0,0,0
UNH,2022,0,0,0
UNH,2022,0,0,0
UNH,2022,0,0,0
UNH,2022,0,0,0
UNH,2022,0,0,0
UNH,2022,0,0,0
UNH,2022,0,0,0
UNH,2022,0,0,0
UNH,2022,0,0,0
UNH,2022,0,0,0
UNH,2022,0,0,0
UNH,2022,0,0,0
UNH,2022,0,0,0
UNH,2022,0,0,0
UNH,2022,0,0,0
UNH,2022,0,0,0
UNH,2022,0,0,0
UNH,2022,0,0,0
UNH,2022,0,0,0
UNH,2022,0,0,0
UNH,2022,0,0,0
UNH,2022,0,0,0
UNH,2023,0,0,0
UNH,2023,0,0,0
UNH,2023,0,0,0
UNH,2023,0,0,0
UNH,2023,0,0,0
UNH,2023,0,0,0
UNH,2023,0,0,0
UNH,2023,0,0,0
UNH,2023,0,0,0
UNH,2023,0,0,0
UNH,2023,0,0,0
UNH,2023,0,0,0
UNH,2023,0,0,0
UNH,2023,0,0,0
UNH,2023,0,0,0
UNH,2023,0,0,0
UNH,2023,0,0,0
UNH,2023,0,0,0
UNH,2023,0,0,0
UNH,2023,0,0,0
UNH,2023,0,0,0
UNH,2023,0,0,0
UNH,2023,0,0,0
UNH,2023,0,0,0
UNH,2023,0,0,0
UNH,2023,0,0,0
UNH,2023,0,0,0
UNH,2023,0,0,0
UNH,2023,0,0,0
UNH,2023,0,0,0
UNH,2023,0,0,0
UNH,2023,0,0,0
UNH,2023,0,0,0
V,2019,0,0,0
V,2019,0,0,0
V,2019,0,0,0
V,2019,0,0,0
V,2019,0,0,0
V,2019,0,0,0
V,2019,0,0,0
V,2019,0,0,0
V,2019,0,0,0
V,2019,0,0,0
V,2019,0,0,0
V,2019,0,0,0
V,2019,0,0,0
V,2019,0,0,0
V,2019,0,0,0
V,2019,0,0,0
V,2019,0,0,0
V,2019,0,0,0
V,2019,0,0,0
V,2020,0,0,0
V,2020,0,0,0
V,2020,0,0,0
V,2020,0,0,0
V,2020,0,0,0
V,2020,0,0,0
V,2020,0,0,0
V,2020,0,0,0
V,2020,0,0,0
V,2020,0,0,0
V,2020,0,0,0
V,2020,0,0,0
V,2020,0,0,0
V,2020,0,0,0
V,2020,0,0,0
V,2020,0,0,0
V,2020,0,0,0
V,2020,0,0,0
V,2020,0,0,0
V,2021,0,0,0
V,2021,0,0,0
V,2021,0,0,0
V,2021,0,0,0
V,2021,0,0,0
V,2021,0,0,0
V,2021,0,0,0
V,2021,0,0,0
V,2021,0,0,0
V,2021,0,0,0
V,2021,0,0,0
V,2021,0,0,0
V,2021,0,0,0
V,2021,0,0,0
V,2021,0,0,0
V,2021,0,0,0
V,2021,0,0,0
V,2021,0,0,0
V,2021,0,0,0
V,2022,0,0,0
V,2022,0,0,0
V,2022,0,0,0
V,2022,0,0,0
V,2022,0,0,0
V,2022,0,0,0
V,2022,0,0,0
V,2022,0,0,0
V,2022,0,0,0
V,2022,0,0,0
V,2022,0,0,0
V,2022,0,0,0
V,2022,0,0,0
V,2022,0,0,0
V,2022,0,0,0
V,2022,0,0,0
V,2022,0,0,0
V,2022,0,0,0
V,2022,0,0,0
V,2023,0,0,0
V,2023,0,0,0
V,2023,0,0,0
V,2023,0,0,0
V,2023,0,0,0
V,2023,0,0,0
V,2023,0,0,0
V,2023,0,0,0
V,2023,0,0,0
V,2023,0,0,0
V,2023,0,0,0
V,2023,0,0,0
V,2023,0,0,0
V,2023,0,0,0
V,2023,0,0,0
V,2023,0,0,0
V,2023,0,0,0
V,2023,0,0,0
V,2023,0,0,0
VEEV,2019,0,0,0
VEEV,2019,0,0,0
VEEV,2019,0,0,0
VEEV,2019,0,0,0
VEEV,2019,0,0,0
VEEV,2019,0,0,0
VEEV,2019,0,0,0
VEEV,2019,0,0,0
VEEV,2019,0,0,0
VEEV,2019,0,0,0
VEEV,2020,0,0,0
VEEV,2020,0,0,0
VEEV,2020,0,0,0
VEEV,2020,0,0,0
VEEV,2020,0,0,0
VEEV,2020,0,0,0
VEEV,2020,0,0,0
VEEV,2020,0,0,0
VEEV,2020,0,0,0
VEEV,2020,0,0,0
VEEV,2021,0,0,0
VEEV,2021,0,0,0
VEEV,2021,0,0,0
VEEV,2021,0,0,0
VEEV,2021,0,0,0
VEEV,2021,0,0,0
VEEV,2021,0,0,0
VEEV,2021,0,0,0
VEEV,2021,0,0,0
VEEV,2021,0,0,0
VEEV,2022,0,0,0
VEEV,2022,0,0,0
VEEV,2022,0,0,0
VEEV,2022,0,0,0
VEEV,2022,0,0,0
VEEV,2022,0,0,0
VEEV,2022,0,0,0
VEEV,2022,0,0,0
VEEV,2022,0,0,0
VEEV,2022,0,0,0
VEEV,2023,0,0,0
VEEV,2023,0,0,0
VEEV,2023,0,0,0
VEEV,2023,0,0,0
VEEV,2023,0,0,0
VEEV,2023,0,0,0
VEEV,2023,0,0,0
VEEV,2023,0,0,0
VEEV,2023,0,0,0
VEEV,2023,0,0,0
WBA,2019,0,0,0
WBA,2019,0,0,0
WBA,2019,0,0,0
WBA,2019,0,0,0
WBA,2019,0,0,0
WBA,2019,0,0,0
WBA,2019,0,0,0
WBA,2019,0,0,0
WBA,2019,0,0,0
WBA,2019,0,0,0
WBA,2019,0,0,0
WBA,2019,0,0,0
WBA,2020,0,0,0
WBA,2020,0,0,0
WBA,2020,0,0,0
WBA,2020,0,0,0
WBA,2020,0,0,0
WBA,2020,0,0,0
WBA,2020,0,0,0
WBA,2020,0,0,0
WBA,2020,0,0,0
WBA,2020,0,0,0
WBA,2020,0,0,0
WBA,2020,0,0,0
WBA,2021,0,0,0
WBA,2021,0,0,0
WBA,2021,0,0,0
WBA,2021,0,0,0
WBA,2021,0,0,0
WBA,2021,0,0,0
WBA,2021,0,0,0
WBA,2021,0,0,0
WBA,2021,0,0,0
WBA,2021,0,0,0
WBA,2021,0,0,0
WBA,2021,0,0,0
WBA,2022,0,0,0
WBA,2022,0,0,0
WBA,2022,0,0,0
WBA,2022,0,0,0
WBA,2022,0,0,0
WBA,2022,0,0,0
WBA,2022,0,0,0
WBA,2022,0,0,0
WBA,2022,0,0,0
WBA,2022,0,0,0
WBA,2022,0,0,0
WBA,2022,0,0,0
WBA,2023,0,0,0
WBA,2023,0,0,0
WBA,2023,0,0,0
WBA,2023,0,0,0
WBA,2023,0,0,0
WBA,2023,0,0,0
WBA,2023,0,0,0
WBA,2023,0,0,0
WBA,2023,0,0,0
WBA,2023,0,0,0
WBA,2023,0,0,0
WBA,2023,0,0,0
